application_id,original_source
34,hellowork
36,hellowork
53,hellowork
68,hellowork
223,hellowork
241,hellowork
242,hellowork
257,hellowork
259,
274,hellowork
279,
280,
281,jobijoba
282,
283,
284,
285,
287,hellowork
288,
292,jobijoba
293,hellowork
294,hellowork
301,jobijoba
302,hellowork
305,jobijoba
311,hellowork
331,
332,
333,
334,
335,
336,
337,
338,
339,
362,hellowork
373,hellowork
380,hellowork
381,hellowork
389,hellowork
394,
396,
399,hellowork
401,
402,
403,
404,
416,hellowork
422,hellowork
423,
429,
431,
440,hellowork
442,hellowork
443,
506,hellowork
511,hellowork
550,
556,hellowork
557,hellowork
558,hellowork
559,hellowork
562,hellowork
563,hellowork
566,
567,hellowork
568,hellowork
571,hellowork
572,hellowork
573,hellowork
574,jobijoba
576,hellowork
578,jobijoba
579,hellowork
580,hellowork
581,hellowork
582,hellowork
586,hellowork
599,jobijoba
600,jobijoba
601,jobijoba
602,hellowork
603,
605,jobijoba
611,jobijoba
614,hellowork
673,hellowork
694,hellowork
695,hellowork
696,hellowork
697,hellowork
698,hellowork
699,hellowork
706,hellowork
707,jobijoba
711,hellowork
712,hellowork
713,hellowork
714,hellowork
718,hellowork
719,hellowork
721,hellowork
722,hellowork
724,hellowork
725,hellowork
726,hellowork
727,hellowork
730,hellowork
731,hellowork
732,hellowork
734,hellowork
735,hellowork
737,hellowork
738,hellowork
741,hellowork
743,hellowork
744,hellowork
745,hellowork
748,hellowork
749,hellowork
752,
754,hellowork
755,
756,
757,
758,
763,hellowork
764,hellowork
766,hellowork
767,hellowork
769,hellowork
770,hellowork
771,hellowork
772,hellowork
773,hellowork
774,hellowork
776,hellowork
777,hellowork
778,hellowork
779,hellowork
780,hellowork
782,hellowork
784,hellowork
785,hellowork
788,hellowork
789,hellowork
790,hellowork
791,jobijoba
793,hellowork
794,hellowork
798,hellowork
799,hellowork
802,hellowork
818,hellowork
827,hellowork
836,hellowork
838,hellowork
842,hellowork
843,hellowork
846,hellowork
847,hellowork
852,hellowork
854,hellowork
855,hellowork
856,hellowork
857,hellowork
858,hellowork
859,hellowork
860,hellowork
862,hellowork
864,hellowork
866,hellowork
870,
871,hellowork
875,hellowork
876,hellowork
878,hellowork
879,hellowork
880,hellowork
889,hellowork
891,hellowork
892,hellowork
893,hellowork
894,hellowork
896,hellowork
897,hellowork
898,hellowork
900,hellowork
902,hellowork
903,hellowork
904,hellowork
905,hellowork
906,hellowork
910,hellowork
911,hellowork
917,hellowork
918,hellowork
919,jobijoba
921,hellowork
922,hellowork
923,hellowork
924,hellowork
925,hellowork
928,hellowork
930,hellowork
931,hellowork
932,
933,
934,hellowork
935,hellowork
936,
937,
938,hellowork
939,
940,
941,
942,
949,
950,hellowork
954,hellowork
955,hellowork
956,hellowork
957,hellowork
962,hellowork
963,hellowork
965,hellowork
966,hellowork
967,hellowork
968,hellowork
970,hellowork
972,
973,hellowork
978,hellowork
979,hellowork
983,hellowork
984,hellowork
985,hellowork
986,hellowork
987,hellowork
989,hellowork
992,hellowork
994,hellowork
995,hellowork
996,hellowork
997,hellowork
998,hellowork
999,hellowork
1000,hellowork
1001,hellowork
1007,hellowork
1008,hellowork
1009,hellowork
1010,hellowork
1012,hellowork
1013,hellowork
1021,career_site
1022,career_site
1028,career_site
1030,hellowork
1031,hellowork
1034,career_site
1038,career_site
1040,career_site
1041,career_site
1044,career_site
1051,hellowork
1053,hellowork
1059,hellowork
1076,hellowork
1080,hellowork
1082,hellowork
1083,hellowork
1085,hellowork
1095,hellowork
1097,hellowork
1098,hellowork
1099,career_site
1101,hellowork
1115,hellowork
1118,hellowork
1119,hellowork
1125,hellowork
1126,hellowork
1129,hellowork
1130,hellowork
1131,hellowork
1132,hellowork
1133,hellowork
1134,hellowork
1135,hellowork
1136,hellowork
1139,hellowork
1140,hellowork
1141,hellowork
1142,hellowork
1143,hellowork
1144,hellowork
1145,hellowork
1146,hellowork
1147,hellowork
1148,hellowork
1149,hellowork
1150,hellowork
1151,hellowork
1152,hellowork
1153,hellowork
1154,hellowork
1155,hellowork
1156,hellowork
1158,hellowork
1159,hellowork
1160,hellowork
1161,hellowork
1162,career_site
1163,hellowork
1164,hellowork
1165,hellowork
1166,hellowork
1167,hellowork
1168,hellowork
1169,hellowork
1170,hellowork
1171,jobijoba
1172,
1173,
1174,
1175,hellowork
1176,hellowork
1177,hellowork
1178,campaign_share
1179,campaign_share
1180,campaign_share
1181,campaign_share
1182,campaign_share
1183,campaign_share
1184,campaign_share
1185,campaign_share
1186,campaign_share
1187,campaign_share
1188,hellowork
1189,campaign_share
1190,campaign_share
1191,campaign_share
1192,campaign_share
1193,campaign_share
1194,hellowork
1195,campaign_share
1196,campaign_share
1197,campaign_share
1198,campaign_share
1199,campaign_share
1200,campaign_share
1201,campaign_share
1202,campaign_share
1203,campaign_share
1204,campaign_share
1205,campaign_share
1206,campaign_share
1207,campaign_share
1208,campaign_share
1209,hellowork
1210,campaign_share
1211,hellowork
1212,hellowork
1213,hellowork
1214,hellowork
1215,campaign_share
1216,campaign_share
1217,campaign_share
1218,campaign_share
1219,campaign_share
1220,campaign_share
1221,campaign_share
1222,campaign_share
1223,campaign_share
1224,campaign_share
1225,campaign_share
1226,campaign_share
1227,campaign_share
1228,campaign_share
1229,campaign_share
1230,campaign_share
1231,campaign_share
1232,campaign_share
1233,campaign_share
1234,campaign_share
1235,campaign_share
1236,campaign_share
1237,campaign_share
1238,campaign_share
1239,campaign_share
1240,campaign_share
1241,campaign_share
1242,campaign_share
1243,campaign_share
1244,campaign_share
1245,campaign_share
1246,campaign_share
1247,campaign_share
1248,campaign_share
1249,campaign_share
1250,campaign_share
1251,campaign_share
1252,campaign_share
1253,campaign_share
1254,campaign_share
1255,campaign_share
1256,campaign_share
1257,campaign_share
1258,campaign_share
1259,campaign_share
1260,campaign_share
1261,campaign_share
1262,campaign_share
1263,campaign_share
1264,campaign_share
1265,campaign_share
1266,campaign_share
1267,campaign_share
1268,campaign_share
1269,campaign_share
1270,campaign_share
1271,campaign_share
1272,campaign_share
1273,campaign_share
1274,campaign_share
1275,campaign_share
1276,campaign_share
1277,campaign_share
1278,campaign_share
1279,campaign_share
1280,campaign_share
1281,campaign_share
1282,campaign_share
1283,campaign_share
1284,campaign_share
1285,campaign_share
1286,campaign_share
1287,campaign_share
1288,campaign_share
1289,campaign_share
1290,campaign_share
1291,campaign_share
1292,campaign_share
1293,campaign_share
1294,campaign_share
1295,campaign_share
1296,campaign_share
1297,campaign_share
1298,campaign_share
1299,campaign_share
1300,campaign_share
1301,campaign_share
1302,campaign_share
1303,campaign_share
1304,campaign_share
1305,campaign_share
1306,campaign_share
1307,campaign_share
1308,campaign_share
1309,campaign_share
1310,campaign_share
1311,campaign_share
1312,campaign_share
1313,campaign_share
1314,campaign_share
1315,campaign_share
1316,campaign_share
1317,campaign_share
1318,campaign_share
1319,campaign_share
1320,campaign_share
1321,campaign_share
1322,campaign_share
1323,campaign_share
1324,campaign_share
1325,campaign_share
1326,campaign_share
1327,campaign_share
1328,campaign_share
1329,campaign_share
1330,campaign_share
1331,campaign_share
1332,campaign_share
1333,campaign_share
1334,campaign_share
1335,campaign_share
1336,campaign_share
1337,campaign_share
1338,campaign_share
1339,campaign_share
1340,campaign_share
1341,campaign_share
1342,campaign_share
1343,campaign_share
1344,campaign_share
1345,campaign_share
1346,campaign_share
1347,campaign_share
1348,campaign_share
1349,campaign_share
1350,campaign_share
1351,campaign_share
1352,campaign_share
1353,campaign_share
1354,campaign_share
1355,campaign_share
1356,campaign_share
1357,campaign_share
1358,campaign_share
1359,campaign_share
1360,campaign_share
1361,campaign_share
1362,campaign_share
1363,campaign_share
1364,campaign_share
1365,campaign_share
1366,campaign_share
1367,campaign_share
1368,campaign_share
1369,campaign_share
1370,campaign_share
1371,campaign_share
1372,campaign_share
1373,campaign_share
1374,campaign_share
1375,campaign_share
1376,campaign_share
1377,campaign_share
1378,campaign_share
1379,campaign_share
1380,campaign_share
1381,campaign_share
1382,campaign_share
1383,campaign_share
1384,campaign_share
1385,campaign_share
1386,campaign_share
1387,campaign_share
1388,campaign_share
1389,campaign_share
1390,campaign_share
1391,campaign_share
1392,campaign_share
1393,campaign_share
1394,hellowork
1395,campaign_share
1396,campaign_share
1397,campaign_share
1398,campaign_share
1399,campaign_share
1400,campaign_share
1401,campaign_share
1402,campaign_share
1403,campaign_share
1404,campaign_share
1405,campaign_share
1406,campaign_share
1407,campaign_share
1408,hellowork
1409,campaign_share
1410,campaign_share
1411,campaign_share
1412,campaign_share
1413,campaign_share
1414,campaign_share
1415,campaign_share
1416,campaign_share
1417,hellowork
1418,campaign_share
1419,campaign_share
1420,campaign_share
1421,campaign_share
1422,campaign_share
1423,hellowork
1424,campaign_share
1425,campaign_share
1426,campaign_share
1427,campaign_share
1428,campaign_share
1429,campaign_share
1430,campaign_share
1431,campaign_share
1432,campaign_share
1433,campaign_share
1434,campaign_share
1435,campaign_share
1436,campaign_share
1437,campaign_share
1438,campaign_share
1439,career_site
1440,campaign_share
1441,campaign_share
1442,campaign_share
1443,campaign_share
1444,campaign_share
1445,campaign_share
1446,campaign_share
1447,campaign_share
1448,campaign_share
1449,hellowork
1450,campaign_share
1451,campaign_share
1452,campaign_share
1453,hellowork
1454,campaign_share
1455,campaign_share
1456,campaign_share
1457,campaign_share
1458,campaign_share
1459,campaign_share
1460,campaign_share
1461,campaign_share
1462,campaign_share
1463,campaign_share
1464,campaign_share
1465,campaign_share
1466,campaign_share
1467,campaign_share
1468,campaign_share
1469,campaign_share
1470,campaign_share
1471,campaign_share
1472,campaign_share
1473,campaign_share
1474,campaign_share
1475,campaign_share
1476,campaign_share
1477,campaign_share
1478,campaign_share
1479,campaign_share
1480,campaign_share
1481,campaign_share
1482,campaign_share
1483,campaign_share
1484,campaign_share
1485,campaign_share
1486,campaign_share
1487,campaign_share
1488,campaign_share
1489,campaign_share
1490,campaign_share
1491,campaign_share
1492,campaign_share
1493,campaign_share
1494,campaign_share
1495,campaign_share
1496,campaign_share
1497,campaign_share
1498,campaign_share
1499,campaign_share
1500,campaign_share
1501,campaign_share
1502,campaign_share
1503,hellowork
1504,campaign_share
1505,campaign_share
1506,campaign_share
1507,campaign_share
1508,campaign_share
1509,campaign_share
1510,campaign_share
1511,campaign_share
1512,campaign_share
1513,campaign_share
1514,campaign_share
1515,campaign_share
1516,campaign_share
1517,campaign_share
1518,campaign_share
1519,campaign_share
1520,campaign_share
1521,campaign_share
1522,campaign_share
1523,career_site
1524,campaign_share
1525,campaign_share
1526,campaign_share
1527,campaign_share
1528,campaign_share
1529,campaign_share
1530,campaign_share
1531,campaign_share
1532,campaign_share
1533,campaign_share
1534,campaign_share
1535,campaign_share
1536,campaign_share
1537,campaign_share
1538,campaign_share
1539,campaign_share
1540,campaign_share
1541,campaign_share
1542,campaign_share
1543,campaign_share
1544,campaign_share
1545,campaign_share
1546,campaign_share
1547,campaign_share
1548,campaign_share
1549,campaign_share
1550,campaign_share
1551,campaign_share
1552,campaign_share
1553,campaign_share
1554,campaign_share
1555,campaign_share
1556,campaign_share
1557,campaign_share
1558,campaign_share
1559,hellowork
1560,campaign_share
1561,hellowork
1562,hellowork
1563,campaign_share
1564,campaign_share
1565,campaign_share
1566,hellowork
1567,campaign_share
1568,hellowork
1569,campaign_share
1570,campaign_share
1571,hellowork
1572,campaign_share
1573,campaign_share
1574,campaign_share
1575,campaign_share
1576,campaign_share
1577,campaign_share
1578,hellowork
1579,campaign_share
1580,hellowork
1581,campaign_share
1582,hellowork
1583,campaign_share
1584,hellowork
1585,hellowork
1586,hellowork
1587,campaign_share
1588,hellowork
1589,hellowork
1590,campaign_share
1591,campaign_share
1592,campaign_share
1593,hellowork
1594,campaign_share
1595,hellowork
1596,campaign_share
1597,campaign_share
1598,campaign_share
1599,campaign_share
1600,campaign_share
1601,campaign_share
1602,campaign_share
1603,campaign_share
1604,campaign_share
1605,campaign_share
1606,hellowork
1607,campaign_share
1608,campaign_share
1609,campaign_share
1610,campaign_share
1611,campaign_share
1612,hellowork
1613,hellowork
1614,hellowork
1615,campaign_share
1616,campaign_share
1617,campaign_share
1618,campaign_share
1619,campaign_share
1620,campaign_share
1621,campaign_share
1622,campaign_share
1623,hellowork
1624,campaign_share
1625,hellowork
1626,campaign_share
1627,career_site
1628,campaign_share
1629,campaign_share
1630,career_site
1631,hellowork
1632,campaign_share
1633,hellowork
1634,campaign_share
1635,campaign_share
1636,campaign_share
1637,hellowork
1638,campaign_share
1639,campaign_share
1640,hellowork
1641,campaign_share
1642,campaign_share
1643,campaign_share
1644,campaign_share
1645,campaign_share
1646,campaign_share
1647,campaign_share
1648,campaign_share
1649,campaign_share
1650,campaign_share
1651,campaign_share
1652,campaign_share
1653,campaign_share
1654,campaign_share
1655,campaign_share
1656,campaign_share
1657,campaign_share
1658,campaign_share
1659,campaign_share
1660,campaign_share
1661,campaign_share
1662,campaign_share
1663,campaign_share
1664,campaign_share
1665,campaign_share
1666,campaign_share
1667,campaign_share
1668,campaign_share
1669,campaign_share
1670,campaign_share
1671,campaign_share
1672,campaign_share
1673,campaign_share
1674,campaign_share
1675,campaign_share
1676,campaign_share
1677,campaign_share
1678,campaign_share
1679,campaign_share
1680,campaign_share
1681,campaign_share
1682,campaign_share
1683,campaign_share
1684,campaign_share
1685,campaign_share
1686,campaign_share
1687,campaign_share
1688,campaign_share
1689,campaign_share
1690,campaign_share
1691,campaign_share
1692,career_site
1693,career_site
1694,career_site
1695,campaign_share
1696,campaign_share
1697,campaign_share
1698,campaign_share
1699,campaign_share
1700,campaign_share
1701,campaign_share
1702,campaign_share
1703,campaign_share
1704,campaign_share
1705,campaign_share
1706,campaign_share
1707,campaign_share
1708,campaign_share
1709,campaign_share
1710,campaign_share
1711,campaign_share
1712,campaign_share
1713,campaign_share
1714,campaign_share
1715,campaign_share
1716,campaign_share
1717,campaign_share
1718,campaign_share
1719,campaign_share
1720,campaign_share
1721,campaign_share
1722,campaign_share
1723,campaign_share
1724,campaign_share
1725,campaign_share
1726,campaign_share
1727,campaign_share
1728,campaign_share
1729,campaign_share
1730,campaign_share
1731,campaign_share
1732,campaign_share
1733,campaign_share
1734,campaign_share
1735,campaign_share
1736,campaign_share
1737,campaign_share
1738,campaign_share
1739,campaign_share
1740,campaign_share
1741,campaign_share
1742,career_site
1743,career_site
1744,campaign_share
1745,campaign_share
1746,campaign_share
1747,campaign_share
1748,campaign_share
1749,campaign_share
1750,campaign_share
1751,campaign_share
1752,campaign_share
1753,campaign_share
1754,campaign_share
1755,campaign_share
1756,campaign_share
1757,campaign_share
1758,campaign_share
1759,campaign_share
1760,career_site
1761,campaign_share
1762,campaign_share
1763,campaign_share
1764,campaign_share
1765,campaign_share
1766,campaign_share
1767,campaign_share
1768,campaign_share
1769,career_site
1770,campaign_share
1771,campaign_share
1772,campaign_share
1773,campaign_share
1774,campaign_share
1775,campaign_share
1776,campaign_share
1777,campaign_share
1778,campaign_share
1779,campaign_share
1780,hellowork
1781,campaign_share
1782,campaign_share
1783,campaign_share
1784,campaign_share
1785,campaign_share
1786,campaign_share
1787,campaign_share
1788,campaign_share
1789,campaign_share
1790,campaign_share
1791,campaign_share
1792,campaign_share
1793,campaign_share
1794,campaign_share
1795,campaign_share
1796,campaign_share
1797,campaign_share
1798,campaign_share
1799,campaign_share
1800,campaign_share
1801,campaign_share
1802,campaign_share
1803,campaign_share
1804,campaign_share
1805,campaign_share
1806,campaign_share
1807,campaign_share
1808,campaign_share
1809,campaign_share
1810,campaign_share
1811,campaign_share
1812,campaign_share
1813,campaign_share
1814,campaign_share
1815,campaign_share
1816,campaign_share
1817,campaign_share
1818,hellowork
1819,campaign_share
1820,campaign_share
1821,campaign_share
1822,hellowork
1823,campaign_share
1824,campaign_share
1825,campaign_share
1826,campaign_share
1827,hellowork
1828,campaign_share
1829,campaign_share
1830,cabine cibli job
1831,cabine cibli job
1832,cabine cibli job
1833,cabine cibli job
1834,cabine cibli job
1835,hellowork
1836,campaign_share
1837,career_site
1838,campaign_share
1839,campaign_share
1840,campaign_share
1841,campaign_share
1842,campaign_share
1843,campaign_share
1844,campaign_share
1845,campaign_share
1846,campaign_share
1847,campaign_share
1848,campaign_share
1849,campaign_share
1850,campaign_share
1851,campaign_share
1852,hellowork
1853,hellowork
1854,hellowork
1855,hellowork
1856,hellowork
1857,campaign_share
1858,hellowork
1859,campaign_share
1860,hellowork
1861,hellowork
1862,campaign_share
1863,career_site
1864,career_site
1865,campaign_share
1866,campaign_share
1867,campaign_share
1868,campaign_share
1869,hellowork
1870,hellowork
1871,campaign_share
1872,campaign_share
1873,hellowork
1874,hellowork
1875,hellowork
1876,hellowork
1877,hellowork
1878,hellowork
1879,hellowork
1880,campaign_share
1881,hellowork
1882,hellowork
1883,campaign_share
1884,hellowork
1885,hellowork
1886,hellowork
1887,hellowork
1888,hellowork
1889,campaign_share
1890,campaign_share
1891,hellowork
1892,campaign_share
1893,hellowork
1894,campaign_share
1895,campaign_share
1896,hellowork
1897,campaign_share
1898,campaign_share
1899,campaign_share
1900,campaign_share
1901,campaign_share
1902,campaign_share
1903,campaign_share
1904,campaign_share
1905,campaign_share
1906,campaign_share
1907,hellowork
1908,campaign_share
1909,hellowork
1910,campaign_share
1911,hellowork
1912,hellowork
1913,campaign_share
1914,campaign_share
1915,campaign_share
1916,career_site
1917,campaign_share
1918,campaign_share
1919,hellowork
1920,campaign_share
1921,hellowork
1922,campaign_share
1923,campaign_share
1924,campaign_share
1925,hellowork
1926,campaign_share
1927,campaign_share
1928,hellowork
1929,hellowork
1930,hellowork
1931,hellowork
1932,hellowork
1933,campaign_share
1934,campaign_share
1935,campaign_share
1936,campaign_share
1937,campaign_share
1938,campaign_share
1939,campaign_share
1940,hellowork
1941,campaign_share
1942,hellowork
1943,campaign_share
1944,campaign_share
1945,campaign_share
1946,campaign_share
1947,campaign_share
1948,campaign_share
1949,hellowork
1950,campaign_share
1951,hellowork
1952,hellowork
1953,hellowork
1954,
1955,
1956,
1957,hellowork
1958,campaign_share
1959,hellowork
1960,hellowork
1961,campaign_share
1962,campaign_share
1963,hellowork
1964,hellowork
1965,hellowork
1966,hellowork
1967,campaign_share
1968,hellowork
1969,hellowork
1970,hellowork
1971,campaign_share
1972,hellowork
1973,hellowork
1974,hellowork
1975,hellowork
1976,hellowork
1977,hellowork
1978,campaign_share
1979,campaign_share
1980,hellowork
1981,hellowork
1982,hellowork
1983,hellowork
1984,hellowork
1985,hellowork
1986,hellowork
1987,hellowork
1988,hellowork
1989,hellowork
1990,hellowork
1991,hellowork
1992,campaign_share
1993,hellowork
1994,hellowork
1995,hellowork
1996,hellowork
1997,hellowork
1998,campaign_share
1999,hellowork
2000,hellowork
2001,hellowork
2002,hellowork
2003,hellowork
2004,hellowork
2005,hellowork
2006,campaign_share
2007,campaign_share
2008,campaign_share
2009,hellowork
2010,campaign_share
2011,hellowork
2012,hellowork
2013,hellowork
2014,hellowork
2015,hellowork
2016,hellowork
2017,campaign_share
2018,campaign_share
2019,campaign_share
2020,hellowork
2021,hellowork
2022,campaign_share
2023,hellowork
2024,campaign_share
2025,hellowork
2026,hellowork
2027,hellowork
2028,career_site
2029,career_site
2030,career_site
2031,career_site
2032,hellowork
2033,career_site
2034,jobijoba
2035,career_site
2036,career_site
2037,hellowork
2038,hellowork
2039,hellowork
2040,hellowork
2041,campaign_share
2042,career_site
2043,campaign_share
2044,campaign_share
2045,campaign_share
2046,campaign_share
2047,campaign_share
2048,campaign_share
2049,campaign_share
2050,campaign_share
2051,campaign_share
2052,campaign_share
2053,campaign_share
2054,campaign_share
2055,campaign_share
2056,campaign_share
2057,campaign_share
2058,campaign_share
2059,campaign_share
2060,campaign_share
2061,campaign_share
2062,campaign_share
2063,campaign_share
2064,campaign_share
2065,campaign_share
2066,campaign_share
2067,campaign_share
2068,campaign_share
2069,campaign_share
2070,campaign_share
2071,campaign_share
2072,campaign_share
2073,campaign_share
2074,campaign_share
2075,hellowork
2076,campaign_share
2077,campaign_share
2078,campaign_share
2079,campaign_share
2080,campaign_share
2081,career_site
2082,campaign_share
2083,campaign_share
2084,campaign_share
2085,campaign_share
2086,campaign_share
2087,campaign_share
2088,career_site
2089,campaign_share
2090,career_site
2091,hellowork
2092,campaign_share
2093,campaign_share
2094,campaign_share
2095,campaign_share
2096,campaign_share
2097,campaign_share
2098,campaign_share
2099,career_site
2100,career_site
2101,campaign_share
2102,campaign_share
2103,campaign_share
2104,hellowork
2105,hellowork
2106,hellowork
2107,career_site
2108,campaign_share
2109,hellowork
2110,hellowork
2111,campaign_share
2112,hellowork
2113,campaign_share
2114,campaign_share
2115,campaign_share
2116,campaign_share
2117,hellowork
2118,career_site
2119,campaign_share
2120,hellowork
2121,hellowork
2122,campaign_share
2123,career_site
2124,campaign_share
2125,campaign_share
2126,campaign_share
2127,career_site
2128,hellowork
2129,campaign_share
2130,hellowork
2131,campaign_share
2132,career_site
2133,campaign_share
2134,campaign_share
2135,campaign_share
2136,campaign_share
2137,career_site
2138,hellowork
2139,campaign_share
2140,hellowork
2141,campaign_share
2142,campaign_share
2143,hellowork
2144,hellowork
2145,campaign_share
2146,career_site
2147,campaign_share
2148,career_site
2149,campaign_share
2150,campaign_share
2151,campaign_share
2152,campaign_share
2153,hellowork
2154,campaign_share
2155,hellowork
2156,campaign_share
2157,hellowork
2158,hellowork
2159,career_site
2160,hellowork
2161,campaign_share
2162,campaign_share
2163,campaign_share
2164,campaign_share
2165,campaign_share
2166,campaign_share
2167,campaign_share
2168,hellowork
2169,hellowork
2170,campaign_share
2171,campaign_share
2172,campaign_share
2173,campaign_share
2174,campaign_share
2175,hellowork
2176,campaign_share
2177,campaign_share
2178,campaign_share
2179,campaign_share
2180,hellowork
2181,hellowork
2182,hellowork
2183,campaign_share
2184,campaign_share
2185,campaign_share
2186,hellowork
2187,hellowork
2188,career_site
2189,career_site
2190,hellowork
2191,hellowork
2192,campaign_share
2193,career_site
2194,hellowork
2195,hellowork
2196,campaign_share
2197,hellowork
2198,campaign_share
2199,campaign_share
2200,campaign_share
2201,campaign_share
2202,campaign_share
2203,campaign_share
2204,hellowork
2205,campaign_share
2206,hellowork
2207,
2208,hellowork
2209,hellowork
2210,campaign_share
2211,hellowork
2212,hellowork
2213,hellowork
2214,hellowork
2215,hellowork
2216,campaign_share
2217,hellowork
2218,campaign_share
2219,hellowork
2220,hellowork
2221,campaign_share
2222,hellowork
2223,hellowork
2224,hellowork
2225,hellowork
2226,campaign_share
2227,hellowork
2228,hellowork
2229,hellowork
2230,hellowork
2231,hellowork
2232,hellowork
2233,hellowork
2234,hellowork
2235,campaign_share
2236,hellowork
2237,hellowork
2238,campaign_share
2239,campaign_share
2240,hellowork
2241,campaign_share
2242,hellowork
2243,campaign_share
2244,campaign_share
2245,hellowork
2246,campaign_share
2247,campaign_share
2248,hellowork
2249,hellowork
2250,hellowork
2251,campaign_share
2252,campaign_share
2253,hellowork
2254,campaign_share
2255,hellowork
2256,campaign_share
2257,campaign_share
2258,campaign_share
2259,campaign_share
2260,hellowork
2261,campaign_share
2262,campaign_share
2263,hellowork
2264,hellowork
2265,hellowork
2266,campaign_share
2267,hellowork
2268,hellowork
2269,campaign_share
2270,hellowork
2271,hellowork
2272,hellowork
2273,hellowork
2274,hellowork
2275,hellowork
2276,campaign_share
2277,hellowork
2278,hellowork
2279,hellowork
2280,hellowork
2281,campaign_share
2282,cabine cibli job
2283,hellowork
2284,campaign_share
2285,campaign_share
2286,campaign_share
2287,hellowork
2288,hellowork
2289,hellowork
2290,hellowork
2291,hellowork
2292,hellowork
2293,hellowork
2294,hellowork
2295,hellowork
2296,hellowork
2297,hellowork
2298,campaign_share
2299,campaign_share
2300,hellowork
2301,hellowork
2302,campaign_share
2303,hellowork
2304,campaign_share
2305,campaign_share
2306,campaign_share
2307,campaign_share
2308,hellowork
2309,campaign_share
2310,hellowork
2311,hellowork
2312,cabine cibli job
2313,hellowork
2314,campaign_share
2315,campaign_share
2316,campaign_share
2317,hellowork
2318,campaign_share
2319,campaign_share
2320,campaign_share
2321,hellowork
2322,hellowork
2323,campaign_share
2324,
2325,campaign_share
2326,campaign_share
2327,hellowork
2328,campaign_share
2329,hellowork
2330,hellowork
2331,campaign_share
2332,hellowork
2333,campaign_share
2334,hellowork
2335,hellowork
2336,hellowork
2337,campaign_share
2338,campaign_share
2339,hellowork
2340,hellowork
2341,hellowork
2342,cabine cibli job
2343,hellowork
2344,hellowork
2345,campaign_share
2346,campaign_share
2347,hellowork
2348,campaign_share
2349,hellowork
2350,hellowork
2351,campaign_share
2352,hellowork
2353,hellowork
2354,hellowork
2355,hellowork
2356,hellowork
2357,hellowork
2358,career_site
2359,campaign_share
2360,hellowork
2361,hellowork
2362,cabine cibli job
2363,hellowork
2364,campaign_share
2365,hellowork
2366,hellowork
2367,hellowork
2368,hellowork
2369,campaign_share
2370,hellowork
2371,hellowork
2372,hellowork
2373,hellowork
2374,hellowork
2375,hellowork
2376,hellowork
2377,hellowork
2378,hellowork
2379,campaign_share
2380,hellowork
2381,hellowork
2382,hellowork
2383,hellowork
2384,jobijoba
2385,hellowork
2386,hellowork
2387,hellowork
2388,hellowork
2389,hellowork
2390,hellowork
2391,hellowork
2392,hellowork
2393,hellowork
2394,hellowork
2395,hellowork
2396,hellowork
2397,hellowork
2398,hellowork
2399,hellowork
2400,hellowork
2401,hellowork
2402,hellowork
2403,hellowork
2404,hellowork
2405,hellowork
2406,hellowork
2407,hellowork
2408,career_site
2409,hellowork
2410,hellowork
2411,hellowork
2412,hellowork
2413,hellowork
2414,hellowork
2415,hellowork
2416,hellowork
2417,hellowork
2418,hellowork
2419,hellowork
2420,hellowork
2421,hellowork
2422,hellowork
2423,hellowork
2424,hellowork
2425,hellowork
2426,hellowork
2427,campaign_share
2428,campaign_share
2429,campaign_share
2430,campaign_share
2431,hellowork
2432,hellowork
2433,campaign_share
2434,hellowork
2435,hellowork
2436,campaign_share
2437,hellowork
2438,hellowork
2439,hellowork
2440,hellowork
2441,hellowork
2442,hellowork
2443,hellowork
2444,hellowork
2445,hellowork
2446,hellowork
2447,hellowork
2448,hellowork
2449,hellowork
2450,hellowork
2451,hellowork
2452,hellowork
2453,jobijoba
2454,hellowork
2455,hellowork
2456,hellowork
2457,jobijoba
2458,hellowork
2459,hellowork
2460,hellowork
2461,hellowork
2462,hellowork
2463,hellowork
2464,hellowork
2465,hellowork
2466,hellowork
2467,hellowork
2468,hellowork
2469,hellowork
2470,hellowork
2471,hellowork
2472,hellowork
2473,hellowork
2474,hellowork
2475,jobijoba
2476,hellowork
2477,hellowork
2478,hellowork
2479,hellowork
2480,hellowork
2481,hellowork
2482,hellowork
2483,hellowork
2484,hellowork
2485,hellowork
2486,hellowork
2487,hellowork
2488,hellowork
2489,hellowork
2490,hellowork
2491,hellowork
2492,hellowork
2493,hellowork
2494,hellowork
2495,hellowork
2496,hellowork
2497,hellowork
2498,jobijoba
2499,hellowork
2500,hellowork
2501,hellowork
2502,hellowork
2503,hellowork
2504,hellowork
2505,hellowork
2506,hellowork
2507,hellowork
2508,hellowork
2509,hellowork
2510,hellowork
2511,hellowork
2512,hellowork
2513,hellowork
2514,hellowork
2515,hellowork
2516,hellowork
2517,hellowork
2518,hellowork
2519,hellowork
2520,hellowork
2521,hellowork
2522,hellowork
2523,hellowork
2524,hellowork
2525,hellowork
2526,hellowork
2527,hellowork
2528,hellowork
2529,hellowork
2530,hellowork
2531,career_site
2532,hellowork
2533,hellowork
2534,hellowork
2535,hellowork
2536,jobijoba
2537,hellowork
2538,hellowork
2539,hellowork
2540,hellowork
2541,hellowork
2542,hellowork
2543,hellowork
2544,hellowork
2545,hellowork
2546,hellowork
2547,hellowork
2548,hellowork
2549,jobijoba
2550,hellowork
2551,hellowork
2552,hellowork
2553,hellowork
2554,hellowork
2555,jobijoba
2556,hellowork
2557,hellowork
2558,hellowork
2559,campaign_share
2560,hellowork
2561,hellowork
2562,hellowork
2563,hellowork
2564,hellowork
2565,hellowork
2566,hellowork
2567,jobijoba
2568,hellowork
2569,hellowork
2570,hellowork
2571,hellowork
2572,hellowork
2573,hellowork
2574,hellowork
2575,hellowork
2576,hellowork
2577,hellowork
2578,hellowork
2579,hellowork
2580,hellowork
2581,hellowork
2582,hellowork
2583,hellowork
2584,hellowork
2585,campaign_share
2586,hellowork
2587,campaign_share
2588,campaign_share
2589,campaign_share
2590,hellowork
2591,hellowork
2592,campaign_share
2593,campaign_share
2594,campaign_share
2595,campaign_share
2596,campaign_share
2597,campaign_share
2598,campaign_share
2599,campaign_share
2600,hellowork
2601,hellowork
2602,campaign_share
2603,hellowork
2604,campaign_share
2605,campaign_share
2606,campaign_share
2607,campaign_share
2608,campaign_share
2609,campaign_share
2610,campaign_share
2611,campaign_share
2612,hellowork
2613,hellowork
2614,jobijoba
2615,hellowork
2616,hellowork
2617,campaign_share
2618,hellowork
2619,hellowork
2620,hellowork
2621,hellowork
2622,hellowork
2623,hellowork
2624,hellowork
2625,hellowork
2626,hellowork
2627,hellowork
2628,cabine cibli job
2629,cabine cibli job
2630,cabine cibli job
2631,cabine cibli job
2632,hellowork
2633,campaign_share
2634,campaign_share
2635,hellowork
2636,hellowork
2637,campaign_share
2638,hellowork
2639,hellowork
2640,hellowork
2641,hellowork
2642,hellowork
2643,hellowork
2644,hellowork
2645,hellowork
2646,hellowork
2647,hellowork
2648,hellowork
2649,hellowork
2650,hellowork
2651,hellowork
2652,hellowork
2653,campaign_share
2654,hellowork
2655,hellowork
2656,hellowork
2657,hellowork
2658,hellowork
2659,hellowork
2660,hellowork
2661,hellowork
2662,hellowork
2663,campaign_share
2664,campaign_share
2665,hellowork
2666,hellowork
2667,jobijoba
2668,hellowork
2669,cabine cibli job
2670,hellowork
2671,hellowork
2672,hellowork
2673,hellowork
2674,hellowork
2675,hellowork
2676,hellowork
2677,campaign_share
2678,hellowork
2679,hellowork
2680,hellowork
2681,hellowork
2682,hellowork
2683,campaign_share
2684,campaign_share
2685,hellowork
2686,hellowork
2687,hellowork
2688,hellowork
2689,hellowork
2690,hellowork
2691,hellowork
2693,hellowork
2694,hellowork
2695,hellowork
2696,hellowork
2697,jobijoba
2698,hellowork
2699,campaign_share
2700,hellowork
2701,hellowork
2702,hellowork
2703,hellowork
2704,campaign_share
2705,hellowork
2706,hellowork
2707,hellowork
2708,hellowork
2709,hellowork
2710,hellowork
2711,hellowork
2712,hellowork
2713,hellowork
2714,hellowork
2715,hellowork
2716,jobijoba
2717,hellowork
2718,hellowork
2719,cabine cibli job
2720,jobijoba
2721,hellowork
2722,hellowork
2723,campaign_share
2724,jobijoba
2725,hellowork
2726,hellowork
2727,hellowork
2728,campaign_share
2729,hellowork
2730,hellowork
2731,hellowork
2732,hellowork
2733,hellowork
2734,hellowork
2735,hellowork
2736,hellowork
2737,hellowork
2738,hellowork
2739,hellowork
2740,hellowork
2742,hellowork
2743,hellowork
2744,hellowork
2745,hellowork
2746,hellowork
2747,hellowork
2748,hellowork
2749,cabine cibli job
2750,cabine cibli job
2751,hellowork
2752,hellowork
2753,cabine cibli job
2754,cabine cibli job
2755,cabine cibli job
2756,hellowork
2757,hellowork
2758,hellowork
2759,hellowork
2760,cabine cibli job
2761,cabine cibli job
2762,hellowork
2763,cabine cibli job
2764,cabine cibli job
2765,cabine cibli job
2766,cabine cibli job
2767,hellowork
2768,hellowork
2769,hellowork
2770,hellowork
2771,hellowork
2772,hellowork
2773,hellowork
2774,campaign_share
2775,hellowork
2776,jobijoba
2777,campaign_share
2778,hellowork
2779,hellowork
2780,hellowork
2781,hellowork
2782,campaign_share
2783,hellowork
2784,hellowork
2785,hellowork
2786,hellowork
2787,hellowork
2788,hellowork
2789,hellowork
2790,hellowork
2791,hellowork
2792,hellowork
2793,hellowork
2794,hellowork
2795,hellowork
2796,hellowork
2797,hellowork
2798,hellowork
2799,jobijoba
2800,hellowork
2801,hellowork
2802,hellowork
2803,campaign_share
2804,campaign_share
2805,hellowork
2806,cabine cibli job
2807,cabine cibli job
2808,cabine cibli job
2809,hellowork
2810,hellowork
2811,cabine cibli job
2812,cabine cibli job
2813,hellowork
2814,hellowork
2815,hellowork
2816,hellowork
2817,hellowork
2818,hellowork
2819,hellowork
2820,cabine cibli job
2821,cabine cibli job
2822,cabine cibli job
2823,cabine cibli job
2824,cabine cibli job
2825,cabine cibli job
2826,cabine cibli job
2827,cabine cibli job
2828,hellowork
2829,hellowork
2830,hellowork
2831,hellowork
2832,cabine cibli job
2833,cabine cibli job
2834,cabine cibli job
2835,cabine cibli job
2836,cabine cibli job
2837,hellowork
2838,hellowork
2839,hellowork
2840,campaign_share
2841,hellowork
2842,hellowork
2843,hellowork
2844,hellowork
2845,hellowork
2846,hellowork
2847,hellowork
2848,hellowork
2849,hellowork
2850,hellowork
2851,hellowork
2852,hellowork
2853,hellowork
2854,hellowork
2855,hellowork
2856,hellowork
2857,cabine cibli job
2858,cabine cibli job
2859,cabine cibli job
2860,cabine cibli job
2861,cabine cibli job
2862,cabine cibli job
2863,cabine cibli job
2864,cabine cibli job
2865,cabine cibli job
2866,hellowork
2867,cabine cibli job
2868,cabine cibli job
2869,cabine cibli job
2870,cabine cibli job
2871,cabine cibli job
2872,cabine cibli job
2873,cabine cibli job
2874,cabine cibli job
2875,cabine cibli job
2876,cabine cibli job
2877,cabine cibli job
2878,career_site
2879,cabine cibli job
2880,cabine cibli job
2881,cabine cibli job
2882,cabine cibli job
2883,cabine cibli job
2884,cabine cibli job
2885,cabine cibli job
2886,cabine cibli job
2887,hellowork
2888,hellowork
2889,hellowork
2890,hellowork
2891,hellowork
2892,hellowork
2893,jobijoba
2894,hellowork
2895,cabine cibli job
2896,cabine cibli job
2897,cabine cibli job
2898,cabine cibli job
2899,cabine cibli job
2900,cabine cibli job
2901,cabine cibli job
2902,cabine cibli job
2903,cabine cibli job
2904,cabine cibli job
2905,cabine cibli job
2906,hellowork
2907,cabine cibli job
2908,cabine cibli job
2909,cabine cibli job
2910,cabine cibli job
2911,cabine cibli job
2912,cabine cibli job
2913,cabine cibli job
2914,hellowork
2915,hellowork
2916,hellowork
2917,hellowork
2918,hellowork
2919,hellowork
2920,hellowork
2921,jobijoba
2922,jobijoba
2923,hellowork
2924,hellowork
2925,hellowork
2926,hellowork
2927,hellowork
2928,hellowork
2929,hellowork
2930,jobijoba
2931,hellowork
2932,hellowork
2933,campaign_share
2934,hellowork
2935,hellowork
2936,hellowork
2937,hellowork
2938,hellowork
2939,hellowork
2940,hellowork
2941,hellowork
2942,hellowork
2943,hellowork
2944,hellowork
2945,hellowork
2946,hellowork
2947,hellowork
2948,cabine cibli job
2949,cabine cibli job
2950,campaign_share
2951,hellowork
2952,hellowork
2953,cabine cibli job
2954,cabine cibli job
2955,hellowork
2956,hellowork
2957,hellowork
2958,hellowork
2959,cabine cibli job
2960,jobijoba
2961,cabine cibli job
2962,cabine cibli job
2963,cabine cibli job
2964,hellowork
2965,hellowork
2966,hellowork
2967,cabine cibli job
2968,cabine cibli job
2969,hellowork
2970,hellowork
2971,hellowork
2972,hellowork
2973,jobijoba
2974,hellowork
2975,hellowork
2976,hellowork
2977,hellowork
2978,hellowork
2979,hellowork
2980,hellowork
2981,hellowork
2982,campaign_share
2983,hellowork
2984,hellowork
2985,cabine cibli job
2986,hellowork
2987,hellowork
2988,cabine cibli job
2989,cabine cibli job
2990,cabine cibli job
2991,jobijoba
2992,hellowork
2993,career_site
2994,career_site
2995,hellowork
2996,hellowork
2999,cabine cibli job
3000,cabine cibli job
3001,hellowork
3002,cabine cibli job
3003,hellowork
3004,hellowork
3005,hellowork
3006,hellowork
3007,hellowork
3008,cabine cibli job
3009,cabine cibli job
3010,hellowork
3011,hellowork
3012,hellowork
3013,cabine cibli job
3014,cabine cibli job
3015,cabine cibli job
3016,cabine cibli job
3017,cabine cibli job
3018,hellowork
3019,hellowork
3020,hellowork
3021,hellowork
3022,hellowork
3023,hellowork
3024,hellowork
3025,hellowork
3026,hellowork
3027,hellowork
3028,hellowork
3029,hellowork
3031,hellowork
3032,hellowork
3033,hellowork
3034,hellowork
3035,hellowork
3036,hellowork
3037,hellowork
3038,hellowork
3039,hellowork
3040,hellowork
3041,hellowork
3042,hellowork
3043,cabine cibli job
3044,hellowork
3045,cabine cibli job
3046,cabine cibli job
3047,cabine cibli job
3048,campaign_share
3049,hellowork
3050,hellowork
3051,campaign_share
3052,hellowork
3053,campaign_share
3054,campaign_share
3055,hellowork
3056,cabine cibli job
3057,cabine cibli job
3058,cabine cibli job
3059,cabine cibli job
3060,cabine cibli job
3061,cabine cibli job
3062,cabine cibli job
3063,cabine cibli job
3064,cabine cibli job
3065,campaign_share
3066,hellowork
3067,campaign_share
3068,hellowork
3069,hellowork
3070,cabine cibli job
3071,cabine cibli job
3072,cabine cibli job
3073,cabine cibli job
3074,cabine cibli job
3075,cabine cibli job
3076,cabine cibli job
3077,hellowork
3078,hellowork
3079,hellowork
3080,cabine cibli job
3081,cabine cibli job
3082,cabine cibli job
3083,hellowork
3084,hellowork
3085,hellowork
3086,jobijoba
3087,hellowork
3088,hellowork
3089,hellowork
3090,hellowork
3091,hellowork
3092,hellowork
3093,hellowork
3095,cabine cibli job
3096,cabine cibli job
3097,cabine cibli job
3098,hellowork
3099,jobijoba
3100,campaign_share
3101,hellowork
3102,cabine cibli job
3103,cabine cibli job
3104,cabine cibli job
3105,cabine cibli job
3106,cabine cibli job
3107,cabine cibli job
3108,cabine cibli job
3109,cabine cibli job
3110,cabine cibli job
3111,cabine cibli job
3112,cabine cibli job
3113,hellowork
3114,hellowork
3115,hellowork
3116,hellowork
3117,cabine cibli job
3118,cabine cibli job
3119,cabine cibli job
3120,cabine cibli job
3121,campaign_share
3122,cabine cibli job
3123,hellowork
3124,hellowork
3125,hellowork
3126,hellowork
3127,hellowork
3128,hellowork
3129,hellowork
3130,cabine cibli job
3131,jobijoba
3132,hellowork
3133,hellowork
3134,career_site
3135,hellowork
3136,hellowork
3137,hellowork
3138,hellowork
3139,hellowork
3140,hellowork
3141,hellowork
3142,hellowork
3143,jobijoba
3144,jobijoba
3145,cabine cibli job
3146,cabine cibli job
3147,cabine cibli job
3148,cabine cibli job
3149,cabine cibli job
3150,cabine cibli job
3151,cabine cibli job
3152,cabine cibli job
3153,cabine cibli job
3154,cabine cibli job
3155,cabine cibli job
3156,cabine cibli job
3157,cabine cibli job
3158,cabine cibli job
3159,cabine cibli job
3160,cabine cibli job
3161,cabine cibli job
3162,cabine cibli job
3164,campaign_share
3165,cabine cibli job
3166,hellowork
3167,hellowork
3168,hellowork
3169,hellowork
3170,hellowork
3171,hellowork
3172,hellowork
3173,hellowork
3174,hellowork
3175,hellowork
3176,hellowork
3177,hellowork
3178,hellowork
3179,cabine cibli job
3180,cabine cibli job
3181,cabine cibli job
3182,cabine cibli job
3183,cabine cibli job
3184,hellowork
3185,hellowork
3186,hellowork
3187,hellowork
3188,cabine cibli job
3189,cabine cibli job
3190,cabine cibli job
3191,cabine cibli job
3192,cabine cibli job
3193,cabine cibli job
3194,cabine cibli job
3195,cabine cibli job
3196,cabine cibli job
3197,cabine cibli job
3198,cabine cibli job
3199,cabine cibli job
3200,cabine cibli job
3201,cabine cibli job
3202,cabine cibli job
3203,cabine cibli job
3204,cabine cibli job
3205,cabine cibli job
3206,cabine cibli job
3207,cabine cibli job
3208,cabine cibli job
3209,cabine cibli job
3210,cabine cibli job
3211,cabine cibli job
3212,cabine cibli job
3213,cabine cibli job
3214,cabine cibli job
3215,cabine cibli job
3216,cabine cibli job
3217,cabine cibli job
3218,cabine cibli job
3219,cabine cibli job
3220,cabine cibli job
3221,cabine cibli job
3222,cabine cibli job
3223,cabine cibli job
3224,cabine cibli job
3225,cabine cibli job
3226,cabine cibli job
3227,cabine cibli job
3228,cabine cibli job
3229,cabine cibli job
3230,cabine cibli job
3231,cabine cibli job
3232,cabine cibli job
3233,cabine cibli job
3234,cabine cibli job
3235,cabine cibli job
3236,cabine cibli job
3237,hellowork
3238,hellowork
3239,hellowork
3240,hellowork
3241,hellowork
3243,campaign_share
3244,hellowork
3245,hellowork
3246,hellowork
3247,hellowork
3248,hellowork
3249,hellowork
3250,hellowork
3251,hellowork
3252,hellowork
3253,jobijoba
3254,cabine cibli job
3255,cabine cibli job
3256,hellowork
3257,hellowork
3258,cabine cibli job
3259,cabine cibli job
3260,cabine cibli job
3261,cabine cibli job
3262,cabine cibli job
3263,hellowork
3264,jobijoba
3265,cabine cibli job
3266,cabine cibli job
3267,cabine cibli job
3268,cabine cibli job
3269,hellowork
3270,cabine cibli job
3271,cabine cibli job
3272,cabine cibli job
3273,cabine cibli job
3274,cabine cibli job
3275,cabine cibli job
3276,hellowork
3277,hellowork
3279,hellowork
3280,cabine cibli job
3281,cabine cibli job
3283,cabine cibli job
3284,cabine cibli job
3285,cabine cibli job
3286,cabine cibli job
3287,cabine cibli job
3288,cabine cibli job
3289,cabine cibli job
3290,cabine cibli job
3291,cabine cibli job
3292,cabine cibli job
3293,cabine cibli job
3294,cabine cibli job
3295,cabine cibli job
3296,cabine cibli job
3297,cabine cibli job
3298,cabine cibli job
3299,cabine cibli job
3300,cabine cibli job
3301,hellowork
3302,cabine cibli job
3303,cabine cibli job
3304,cabine cibli job
3305,cabine cibli job
3306,cabine cibli job
3307,cabine cibli job
3308,cabine cibli job
3309,cabine cibli job
3310,cabine cibli job
3311,cabine cibli job
3312,cabine cibli job
3313,hellowork
3314,hellowork
3315,cabine cibli job
3316,cabine cibli job
3317,cabine cibli job
3318,cabine cibli job
3319,cabine cibli job
3320,cabine cibli job
3321,cabine cibli job
3322,cabine cibli job
3323,cabine cibli job
3324,cabine cibli job
3325,cabine cibli job
3326,cabine cibli job
3327,cabine cibli job
3328,cabine cibli job
3329,cabine cibli job
3330,hellowork
3331,hellowork
3332,hellowork
3333,hellowork
3334,hellowork
3335,hellowork
3336,hellowork
3337,hellowork
3338,hellowork
3339,hellowork
3341,hellowork
3342,hellowork
3343,hellowork
3344,cabine cibli job
3345,hellowork
3347,hellowork
3348,hellowork
3349,hellowork
3350,hellowork
3351,hellowork
3352,hellowork
3353,hellowork
3354,cabine cibli job
3355,hellowork
3356,hellowork
3357,cabine cibli job
3358,cabine cibli job
3360,hellowork
3361,cabine cibli job
3362,cabine cibli job
3363,cabine cibli job
3364,cabine cibli job
3365,jobijoba
3366,hellowork
3367,cabine cibli job
3368,hellowork
3369,cabine cibli job
3370,cabine cibli job
3371,cabine cibli job
3372,cabine cibli job
3373,cabine cibli job
3374,campaign_share
3375,hellowork
3376,cabine cibli job
3377,cabine cibli job
3378,cabine cibli job
3379,hellowork
3380,hellowork
3381,hellowork
3382,hellowork
3383,hellowork
3384,jobijoba
3385,hellowork
3386,hellowork
3387,hellowork
3388,hellowork
3389,hellowork
3390,hellowork
3391,hellowork
3392,hellowork
3393,hellowork
3394,cabine cibli job
3395,hellowork
3396,hellowork
3397,hellowork
3398,hellowork
3399,hellowork
3400,hellowork
3401,hellowork
3402,hellowork
3403,hellowork
3404,hellowork
3405,hellowork
3406,cabine cibli job
3407,cabine cibli job
3408,cabine cibli job
3409,cabine cibli job
3410,cabine cibli job
3411,cabine cibli job
3412,cabine cibli job
3413,hellowork
3414,hellowork
3415,hellowork
3417,hellowork
3418,hellowork
3419,hellowork
3420,cabine cibli job
3421,cabine cibli job
3422,jobijoba
3423,cabine cibli job
3424,hellowork
3425,cabine cibli job
3426,hellowork
3427,hellowork
3429,cabine cibli job
3430,cabine cibli job
3431,cabine cibli job
3432,cabine cibli job
3433,cabine cibli job
3434,cabine cibli job
3435,cabine cibli job
3436,cabine cibli job
3437,cabine cibli job
3438,cabine cibli job
3439,hellowork
3440,cabine cibli job
3441,cabine cibli job
3442,cabine cibli job
3443,hellowork
3444,hellowork
3445,cabine cibli job
3446,cabine cibli job
3447,hellowork
3448,hellowork
3450,hellowork
3451,hellowork
3452,jobijoba
3453,hellowork
3454,hellowork
3455,hellowork
3456,hellowork
3457,jobijoba
3458,jobijoba
3459,hellowork
3460,hellowork
3461,hellowork
3462,hellowork
3463,hellowork
3464,jobijoba
3465,hellowork
3466,hellowork
3467,cabine cibli job
3468,campaign_share
3469,jobijoba
3470,hellowork
3471,hellowork
3472,cabine cibli job
3473,cabine cibli job
3474,cabine cibli job
3475,cabine cibli job
3476,cabine cibli job
3477,cabine cibli job
3478,cabine cibli job
3479,cabine cibli job
3480,cabine cibli job
3481,cabine cibli job
3482,cabine cibli job
3483,cabine cibli job
3484,hellowork
3485,hellowork
3486,hellowork
3487,hellowork
3489,hellowork
3490,hellowork
3491,hellowork
3492,cabine cibli job
3493,hellowork
3494,hellowork
3495,cabine cibli job
3496,cabine cibli job
3497,cabine cibli job
3498,cabine cibli job
3499,cabine cibli job
3500,cabine cibli job
3501,cabine cibli job
3502,cabine cibli job
3503,hellowork
3504,hellowork
3506,hellowork
3507,hellowork
3508,cabine cibli job
3509,cabine cibli job
3510,hellowork
3511,hellowork
3512,cabine cibli job
3513,cabine cibli job
3514,cabine cibli job
3515,cabine cibli job
3516,cabine cibli job
3517,cabine cibli job
3518,hellowork
3519,hellowork
3520,campaign_share
3521,cabine cibli job
3522,campaign_share
3523,cabine cibli job
3525,cabine cibli job
3526,cabine cibli job
3529,cabine cibli job
3530,cabine cibli job
3531,cabine cibli job
3532,cabine cibli job
3533,cabine cibli job
3534,cabine cibli job
3535,cabine cibli job
3536,cabine cibli job
3537,cabine cibli job
3538,cabine cibli job
3539,cabine cibli job
3540,cabine cibli job
3541,cabine cibli job
3542,cabine cibli job
3543,cabine cibli job
3544,cabine cibli job
3545,cabine cibli job
3546,cabine cibli job
3547,cabine cibli job
3548,cabine cibli job
3549,cabine cibli job
3550,cabine cibli job
3551,hellowork
3552,hellowork
3553,hellowork
3554,hellowork
3555,hellowork
3556,hellowork
3557,hellowork
3558,hellowork
3559,hellowork
3560,hellowork
3561,campaign_share
3562,hellowork
3563,hellowork
3564,campaign_share
3565,hellowork
3566,hellowork
3567,hellowork
3568,hellowork
3569,hellowork
3570,hellowork
3571,hellowork
3572,hellowork
3573,career_site
3574,hellowork
3575,career_site
3580,jobijoba
3581,hellowork
3582,hellowork
3583,hellowork
3584,hellowork
3586,hellowork
3587,hellowork
3588,hellowork
3589,hellowork
3590,hellowork
3591,hellowork
3592,hellowork
3593,hellowork
3594,hellowork
3596,hellowork
3597,hellowork
3598,hellowork
3599,jobijoba
3600,hellowork
3601,hellowork
3602,hellowork
3603,hellowork
3604,hellowork
3605,hellowork
3606,hellowork
3607,hellowork
3608,hellowork
3609,hellowork
3610,career_site
3611,jobijoba
3612,jobijoba
3613,hellowork
3614,campaign_share
3615,hellowork
3616,hellowork
3617,jobijoba
3618,hellowork
3620,hellowork
3621,cabine cibli job
3622,cabine cibli job
3623,cabine cibli job
3624,cabine cibli job
3625,cabine cibli job
3626,cabine cibli job
3627,cabine cibli job
3628,cabine cibli job
3629,cabine cibli job
3630,cabine cibli job
3631,cabine cibli job
3632,cabine cibli job
3633,hellowork
3634,hellowork
3635,hellowork
3636,campaign_share
3637,hellowork
3638,hellowork
3639,cabine cibli job
3640,cabine cibli job
3641,cabine cibli job
3642,cabine cibli job
3643,cabine cibli job
3644,hellowork
3645,hellowork
3646,hellowork
3647,cabine cibli job
3648,cabine cibli job
3649,cabine cibli job
3650,cabine cibli job
3651,cabine cibli job
3652,hellowork
3653,hellowork
3654,hellowork
3655,hellowork
3656,hellowork
3657,hellowork
3658,cabine cibli job
3659,cabine cibli job
3660,cabine cibli job
3661,cabine cibli job
3662,cabine cibli job
3663,cabine cibli job
3664,cabine cibli job
3665,hellowork
3666,hellowork
3667,hellowork
3668,hellowork
3669,career_site
3670,hellowork
3671,career_site
3672,hellowork
3673,cabine cibli job
3674,career_site
3675,career_site
3676,career_site
3677,career_site
3678,career_site
3679,career_site
3680,cabine cibli job
3681,cabine cibli job
3682,cabine cibli job
3683,cabine cibli job
3684,cabine cibli job
3685,cabine cibli job
3686,cabine cibli job
3687,hellowork
3688,cabine cibli job
3689,cabine cibli job
3690,cabine cibli job
3692,cabine cibli job
3693,cabine cibli job
3694,career_site
3695,hellowork
3696,career_site
3697,hellowork
3698,hellowork
3699,hellowork
3700,campaign_share
3702,hellowork
3703,campaign_share
3704,campaign_share
3705,hellowork
3706,cabine cibli job
3707,cabine cibli job
3708,career_site
3709,hellowork
3710,hellowork
3711,hellowork
3712,hellowork
3713,hellowork
3714,hellowork
3715,hellowork
3716,hellowork
3717,jobijoba
3718,hellowork
3719,hellowork
3720,cabine cibli job
3721,cabine cibli job
3722,cabine cibli job
3723,cabine cibli job
3724,cabine cibli job
3725,cabine cibli job
3726,hellowork
3727,hellowork
3728,hellowork
3729,campaign_share
3730,hellowork
3731,hellowork
3732,hellowork
3733,hellowork
3734,hellowork
3735,hellowork
3736,hellowork
3737,hellowork
3738,hellowork
3739,hellowork
3740,cabine cibli job
3741,cabine cibli job
3742,cabine cibli job
3743,cabine cibli job
3744,cabine cibli job
3745,hellowork
3746,hellowork
3747,hellowork
3748,hellowork
3749,hellowork
3750,hellowork
3751,hellowork
3752,hellowork
3753,hellowork
3754,cabine cibli job
3755,hellowork
3756,cabine cibli job
3757,cabine cibli job
3758,cabine cibli job
3759,cabine cibli job
3760,cabine cibli job
3761,hellowork
3762,hellowork
3763,hellowork
3764,hellowork
3765,jobijoba
3766,hellowork
3767,campaign_share
3768,hellowork
3769,hellowork
3770,campaign_share
3771,hellowork
3772,cabine cibli job
3773,cabine cibli job
3774,jobijoba
3775,hellowork
3776,cabine cibli job
3777,hellowork
3778,cabine cibli job
3779,cabine cibli job
3780,cabine cibli job
3781,cabine cibli job
3782,cabine cibli job
3783,cabine cibli job
3784,cabine cibli job
3786,cabine cibli job
3787,cabine cibli job
3788,cabine cibli job
3789,cabine cibli job
3790,cabine cibli job
3791,hellowork
3792,hellowork
3793,hellowork
3794,hellowork
3795,campaign_share
3796,hellowork
3797,hellowork
3798,cabine cibli job
3799,cabine cibli job
3800,cabine cibli job
3801,cabine cibli job
3802,cabine cibli job
3803,campaign_share
3804,hellowork
3805,hellowork
3806,hellowork
3807,hellowork
3808,hellowork
3809,campaign_share
3810,hellowork
3811,hellowork
3812,jobijoba
3813,hellowork
3814,hellowork
3815,hellowork
3816,hellowork
3817,hellowork
3818,hellowork
3819,hellowork
3820,hellowork
3821,hellowork
3822,hellowork
3823,cabine cibli job
3824,cabine cibli job
3825,cabine cibli job
3826,cabine cibli job
3827,cabine cibli job
3828,cabine cibli job
3829,hellowork
3830,jobijoba
3831,cabine cibli job
3832,hellowork
3833,hellowork
3834,hellowork
3835,jobijoba
3836,jobijoba
3837,hellowork
3838,hellowork
3839,hellowork
3840,hellowork
3841,hellowork
3842,cabine cibli job
3843,hellowork
3844,hellowork
3845,hellowork
3846,hellowork
3847,hellowork
3848,hellowork
3849,hellowork
3850,hellowork
3851,cabine cibli job
3852,cabine cibli job
3853,cabine cibli job
3854,hellowork
3855,hellowork
3856,hellowork
3857,hellowork
3858,hellowork
3859,hellowork
3860,hellowork
3861,hellowork
3862,hellowork
3863,jobijoba
3864,hellowork
3865,hellowork
3866,hellowork
3867,hellowork
3868,hellowork
3869,campaign_share
3870,hellowork
3871,hellowork
3872,hellowork
3873,hellowork
3874,hellowork
3875,hellowork
3876,hellowork
3877,hellowork
3878,hellowork
3879,hellowork
3880,hellowork
3881,hellowork
3882,hellowork
3883,hellowork
3884,cabine cibli job
3885,hellowork
3886,hellowork
3887,hellowork
3888,hellowork
3889,hellowork
3890,hellowork
3891,hellowork
3892,hellowork
3893,hellowork
3894,hellowork
3895,hellowork
3896,hellowork
3897,hellowork
3898,hellowork
3899,hellowork
3900,hellowork
3901,career_site
3902,hellowork
3903,hellowork
3904,hellowork
3905,hellowork
3906,hellowork
3907,hellowork
3908,hellowork
3909,hellowork
3910,hellowork
3911,hellowork
3912,hellowork
3913,hellowork
3914,hellowork
3915,hellowork
3916,hellowork
3917,hellowork
3918,hellowork
3919,hellowork
3920,hellowork
3921,hellowork
3922,hellowork
3923,hellowork
3924,hellowork
3925,hellowork
3926,hellowork
3927,hellowork
3928,hellowork
3929,hellowork
3930,hellowork
3931,hellowork
3932,hellowork
3933,hellowork
3934,hellowork
3935,hellowork
3936,hellowork
3937,hellowork
3938,hellowork
3939,hellowork
3940,hellowork
3941,hellowork
3942,hellowork
3943,hellowork
3944,hellowork
3945,hellowork
3946,jobijoba
3947,hellowork
3948,hellowork
3949,hellowork
3950,hellowork
3951,hellowork
3952,hellowork
3953,hellowork
3954,hellowork
3955,hellowork
3956,hellowork
3957,hellowork
3958,cabine cibli job
3959,hellowork
3960,cabine cibli job
3961,cabine cibli job
3962,cabine cibli job
3963,hellowork
3964,hellowork
3965,hellowork
3966,cabine cibli job
3967,hellowork
3968,hellowork
3969,hellowork
3970,hellowork
3971,hellowork
3972,hellowork
3973,hellowork
3974,hellowork
3975,hellowork
3976,cabine cibli job
3977,cabine cibli job
3978,cabine cibli job
3979,cabine cibli job
3980,cabine cibli job
3981,hellowork
3982,hellowork
3983,hellowork
3984,hellowork
3985,hellowork
3986,hellowork
3987,hellowork
3988,hellowork
3989,hellowork
3990,hellowork
3991,hellowork
3992,hellowork
3993,jobijoba
3994,hellowork
3995,hellowork
3996,hellowork
3997,hellowork
3998,hellowork
3999,hellowork
4000,hellowork
4001,hellowork
4002,hellowork
4003,hellowork
4004,hellowork
4005,hellowork
4006,hellowork
4007,hellowork
4008,hellowork
4009,hellowork
4010,hellowork
4011,hellowork
4012,hellowork
4013,hellowork
4014,hellowork
4015,hellowork
4016,hellowork
4017,campaign_share
4018,hellowork
4019,hellowork
4020,hellowork
4021,career_site
4022,hellowork
4024,hellowork
4025,hellowork
4026,hellowork
4027,hellowork
4028,hellowork
4029,hellowork
4030,hellowork
4031,hellowork
4032,campaign_share
4033,hellowork
4034,hellowork
4035,hellowork
4036,hellowork
4037,hellowork
4038,hellowork
4039,career_site
4040,hellowork
4041,hellowork
4042,hellowork
4043,hellowork
4044,hellowork
4045,cabine cibli job
4046,cabine cibli job
4048,cabine cibli job
4049,hellowork
4050,hellowork
4051,hellowork
4052,cabine cibli job
4053,cabine cibli job
4054,cabine cibli job
4055,cabine cibli job
4056,cabine cibli job
4057,career_site
4058,campaign_share
4059,campaign_share
4060,cabine cibli job
4061,cabine cibli job
4062,cabine cibli job
4063,hellowork
4064,hellowork
4065,hellowork
4066,hellowork
4067,hellowork
4068,hellowork
4069,hellowork
4070,campaign_share
4071,campaign_share
4072,hellowork
4073,hellowork
4074,hellowork
4075,hellowork
4076,hellowork
4077,hellowork
4078,hellowork
4079,hellowork
4080,hellowork
4081,hellowork
4082,hellowork
4083,hellowork
4084,hellowork
4085,hellowork
4086,hellowork
4087,cabine cibli job
4088,jobijoba
4089,hellowork
4090,hellowork
4091,hellowork
4092,hellowork
4093,cabine cibli job
4094,cabine cibli job
4095,cabine cibli job
4096,cabine cibli job
4097,cabine cibli job
4098,cabine cibli job
4099,cabine cibli job
4100,cabine cibli job
4101,cabine cibli job
4102,cabine cibli job
4103,cabine cibli job
4104,cabine cibli job
4105,cabine cibli job
4106,cabine cibli job
4107,cabine cibli job
4108,cabine cibli job
4109,cabine cibli job
4110,cabine cibli job
4111,career_site
4112,hellowork
4113,hellowork
4114,hellowork
4115,hellowork
4116,hellowork
4117,hellowork
4118,hellowork
4119,cabine cibli job
4120,hellowork
4121,hellowork
4122,hellowork
4123,hellowork
4124,cabine cibli job
4125,cabine cibli job
4126,cabine cibli job
4127,cabine cibli job
4128,cabine cibli job
4129,cabine cibli job
4130,cabine cibli job
4131,cabine cibli job
4132,cabine cibli job
4133,cabine cibli job
4134,cabine cibli job
4135,cabine cibli job
4136,cabine cibli job
4137,hellowork
4138,cabine cibli job
4139,cabine cibli job
4140,cabine cibli job
4141,cabine cibli job
4142,cabine cibli job
4143,cabine cibli job
4144,cabine cibli job
4145,campaign_share
4146,cabine cibli job
4147,cabine cibli job
4148,hellowork
4149,hellowork
4150,hellowork
4151,hellowork
4152,hellowork
4153,hellowork
4154,campaign_share
4155,campaign_share
4156,hellowork
4157,hellowork
4158,hellowork
4159,hellowork
4160,hellowork
4161,campaign_share
4162,hellowork
4163,hellowork
4164,hellowork
4165,hellowork
4166,campaign_share
4167,hellowork
4168,hellowork
4169,hellowork
4170,hellowork
4171,career_site
4172,hellowork
4173,hellowork
4174,hellowork
4175,hellowork
4176,hellowork
4177,hellowork
4178,hellowork
4179,hellowork
4180,hellowork
4181,hellowork
4182,hellowork
4183,hellowork
4184,hellowork
4185,cabine cibli job
4186,cabine cibli job
4187,cabine cibli job
4188,cabine cibli job
4189,cabine cibli job
4190,cabine cibli job
4191,cabine cibli job
4192,cabine cibli job
4193,cabine cibli job
4194,cabine cibli job
4195,cabine cibli job
4196,cabine cibli job
4197,cabine cibli job
4198,cabine cibli job
4199,cabine cibli job
4200,cabine cibli job
4201,cabine cibli job
4202,cabine cibli job
4203,cabine cibli job
4204,cabine cibli job
4205,cabine cibli job
4206,hellowork
4207,hellowork
4208,hellowork
4209,hellowork
4210,hellowork
4211,hellowork
4212,hellowork
4213,hellowork
4214,hellowork
4215,hellowork
4216,hellowork
4217,hellowork
4218,hellowork
4219,cabine cibli job
4220,cabine cibli job
4221,cabine cibli job
4222,cabine cibli job
4223,cabine cibli job
4224,cabine cibli job
4225,cabine cibli job
4226,cabine cibli job
4227,cabine cibli job
4228,cabine cibli job
4229,cabine cibli job
4230,cabine cibli job
4231,cabine cibli job
4232,hellowork
4233,cabine cibli job
4234,cabine cibli job
4235,cabine cibli job
4236,cabine cibli job
4237,cabine cibli job
4238,cabine cibli job
4239,cabine cibli job
4240,hellowork
4241,hellowork
4242,hellowork
4243,hellowork
4244,hellowork
4245,cabine cibli job
4246,hellowork
4247,hellowork
4248,hellowork
4249,hellowork
4250,cabine cibli job
4251,cabine cibli job
4252,cabine cibli job
4253,cabine cibli job
4254,cabine cibli job
4255,hellowork
4256,jobijoba
4257,hellowork
4258,hellowork
4259,campaign_share
4260,career_site
4261,hellowork
4262,hellowork
4263,cabine cibli job
4264,cabine cibli job
4265,cabine cibli job
4266,cabine cibli job
4267,cabine cibli job
4268,cabine cibli job
4269,cabine cibli job
4270,hellowork
4271,cabine cibli job
4272,cabine cibli job
4273,cabine cibli job
4274,cabine cibli job
4275,cabine cibli job
4276,campaign_share
4277,hellowork
4278,hellowork
4279,hellowork
4280,hellowork
4281,hellowork
4282,hellowork
4283,hellowork
4284,hellowork
4285,hellowork
4286,hellowork
4287,hellowork
4288,hellowork
4289,campaign_share
4290,hellowork
4291,hellowork
4292,hellowork
4293,hellowork
4294,hellowork
4295,hellowork
4296,hellowork
4297,hellowork
4298,hellowork
4299,hellowork
4300,hellowork
4301,hellowork
4302,hellowork
4303,hellowork
4304,hellowork
4305,hellowork
4306,campaign_share
4307,hellowork
4308,hellowork
4309,hellowork
4310,hellowork
4311,hellowork
4312,hellowork
4313,hellowork
4314,hellowork
4315,hellowork
4316,hellowork
4317,hellowork
4318,jobijoba
4319,hellowork
4320,hellowork
4321,hellowork
4322,hellowork
4323,hellowork
4324,jobijoba
4325,jobijoba
4326,hellowork
4327,hellowork
4328,hellowork
4329,hellowork
4330,campaign_share
4331,hellowork
4332,hellowork
4333,hellowork
4334,hellowork
4335,hellowork
4336,hellowork
4337,hellowork
4338,hellowork
4339,hellowork
4340,hellowork
4341,hellowork
4342,hellowork
4343,hellowork
4344,hellowork
4345,hellowork
4346,hellowork
4347,hellowork
4348,hellowork
4349,hellowork
4350,hellowork
4351,hellowork
4352,hellowork
4353,hellowork
4354,hellowork
4355,jobijoba
4356,hellowork
4357,hellowork
4358,jobijoba
4359,hellowork
4360,hellowork
4361,hellowork
4362,hellowork
4363,hellowork
4364,hellowork
4365,jobijoba
4366,hellowork
4367,hellowork
4368,hellowork
4369,hellowork
4370,hellowork
4371,hellowork
4372,hellowork
4373,hellowork
4374,hellowork
4375,hellowork
4376,hellowork
4377,hellowork
4378,hellowork
4379,hellowork
4380,hellowork
4381,hellowork
4382,hellowork
4383,hellowork
4384,hellowork
4385,hellowork
4386,hellowork
4387,hellowork
4388,hellowork
4389,hellowork
4390,hellowork
4391,hellowork
4392,hellowork
4393,jobijoba
4394,hellowork
4395,hellowork
4396,hellowork
4397,hellowork
4398,hellowork
4399,hellowork
4400,hellowork
4401,hellowork
4402,hellowork
4403,hellowork
4404,hellowork
4405,jobijoba
4406,hellowork
4407,hellowork
4408,hellowork
4409,hellowork
4410,hellowork
4411,hellowork
4412,hellowork
4413,campaign_share
4414,hellowork
4415,campaign_share
4416,campaign_share
4417,campaign_share
4418,hellowork
4419,hellowork
4420,hellowork
4421,hellowork
4422,hellowork
4423,hellowork
4424,hellowork
4425,hellowork
4426,hellowork
4427,hellowork
4428,hellowork
4429,hellowork
4430,jobijoba
4431,hellowork
4432,hellowork
4433,hellowork
4434,hellowork
4435,hellowork
4436,hellowork
4437,hellowork
4438,hellowork
4439,hellowork
4440,hellowork
4441,hellowork
4442,campaign_share
4443,hellowork
4444,hellowork
4445,hellowork
4446,hellowork
4447,hellowork
4448,campaign_share
4449,hellowork
4450,hellowork
4451,hellowork
4452,hellowork
4453,hellowork
4454,hellowork
4455,hellowork
4456,hellowork
4457,hellowork
4458,hellowork
4459,hellowork
4460,hellowork
4461,hellowork
4462,hellowork
4463,campaign_share
4464,hellowork
4465,campaign_share
4466,hellowork
4467,hellowork
4468,hellowork
4469,campaign_share
4470,hellowork
4471,hellowork
4472,hellowork
4473,hellowork
4474,hellowork
4475,hellowork
4476,hellowork
4477,hellowork
4478,hellowork
4479,hellowork
4480,hellowork
4481,hellowork
4482,hellowork
4483,hellowork
4484,career_site
4485,hellowork
4486,hellowork
4487,hellowork
4488,hellowork
4489,hellowork
4490,hellowork
4491,hellowork
4492,hellowork
4493,hellowork
4494,hellowork
4495,hellowork
4496,hellowork
4497,hellowork
4498,hellowork
4499,hellowork
4500,hellowork
4501,hellowork
4502,jobijoba
4503,hellowork
4504,hellowork
4505,hellowork
4506,campaign_share
4507,hellowork
4508,hellowork
4509,campaign_share
4510,campaign_share
4511,hellowork
4512,campaign_share
4513,campaign_share
4514,campaign_share
4515,hellowork
4516,hellowork
4517,hellowork
4518,hellowork
4519,hellowork
4520,career_site
4521,campaign_share
4522,career_site
4523,career_site
4524,hellowork
4525,career_site
4526,career_site
4527,career_site
4528,career_site
4529,career_site
4530,campaign_share
4531,career_site
4532,career_site
4533,campaign_share
4534,career_site
4535,career_site
4536,hellowork
4537,career_site
4538,career_site
4539,career_site
4540,campaign_share
4541,career_site
4542,hellowork
4543,career_site
4544,career_site
4545,career_site
4546,career_site
4547,campaign_share
4548,hellowork
4549,campaign_share
4550,career_site
4551,hellowork
4552,career_site
4553,career_site
4554,career_site
4555,career_site
4556,career_site
4557,hellowork
4558,hellowork
4559,hellowork
4560,hellowork
4561,hellowork
4562,career_site
4563,hellowork
4564,hellowork
4565,hellowork
4566,hellowork
4567,hellowork
4568,career_site
4569,hellowork
4570,career_site
4571,hellowork
4572,hellowork
4573,campaign_share
4574,hellowork
4575,hellowork
4576,hellowork
4577,hellowork
4578,hellowork
4579,hellowork
4580,hellowork
4581,hellowork
4582,hellowork
4583,career_site
4584,hellowork
4585,hellowork
4586,hellowork
4587,hellowork
4588,hellowork
4589,hellowork
4590,hellowork
4591,hellowork
4592,hellowork
4593,hellowork
4594,hellowork
4595,hellowork
4596,career_site
4597,career_site
4598,career_site
4599,campaign_share
4600,career_site
4601,hellowork
4602,career_site
4603,hellowork
4604,hellowork
4605,hellowork
4606,hellowork
4607,hellowork
4608,recruiter_manual
4609,hellowork
4610,hellowork
4611,hellowork
4612,hellowork
4613,hellowork
4614,career_site
4615,career_site
4616,career_site
4617,career_site
4618,career_site
4619,career_site
4620,career_site
4621,hellowork
4622,career_site
4623,hellowork
4624,hellowork
4625,hellowork
4626,hellowork
4627,hellowork
4628,career_site
4629,campaign_share
4630,hellowork
4631,hellowork
4632,hellowork
4633,campaign_share
4634,career_site
4635,hellowork
4636,career_site
4637,career_site
4638,hellowork
4639,hellowork
4640,campaign_share
4641,hellowork
4642,hellowork
4643,campaign_share
4644,hellowork
4645,hellowork
4646,hellowork
4647,hellowork
4648,hellowork
4649,hellowork
4650,campaign_share
4651,hellowork
4652,campaign_share
4653,jobijoba
4654,hellowork
4655,hellowork
4656,hellowork
4657,hellowork
4658,campaign_share
4659,campaign_share
4660,campaign_share
4661,campaign_share
4662,campaign_share
4663,campaign_share
4664,career_site
4665,campaign_share
4666,campaign_share
4667,campaign_share
4668,campaign_share
4669,campaign_share
4670,campaign_share
4671,hellowork
4672,campaign_share
4673,hellowork
4674,hellowork
4675,campaign_share
4676,campaign_share
4677,campaign_share
4678,campaign_share
4679,hellowork
4680,campaign_share
4681,campaign_share
4682,hellowork
4683,hellowork
4684,hellowork
4685,campaign_share
4686,campaign_share
4687,campaign_share
4688,campaign_share
4689,hellowork
4690,campaign_share
4691,hellowork
4692,hellowork
4693,hellowork
4694,hellowork
4695,hellowork
4696,campaign_share
4697,campaign_share
4698,hellowork
4699,campaign_share
4700,hellowork
4701,hellowork
4702,campaign_share
4703,hellowork
4704,hellowork
4705,hellowork
4706,hellowork
4707,hellowork
4708,campaign_share
4709,hellowork
4710,hellowork
4711,campaign_share
4712,campaign_share
4713,hellowork
4714,hellowork
4715,hellowork
4716,hellowork
4717,hellowork
4718,hellowork
4719,hellowork
4720,hellowork
4721,hellowork
4722,hellowork
4723,hellowork
4724,campaign_share
4725,hellowork
4726,hellowork
4727,hellowork
4728,hellowork
4729,jobijoba
4730,hellowork
4731,campaign_share
4732,hellowork
4733,hellowork
4734,hellowork
4735,campaign_share
4736,hellowork
4737,hellowork
4738,hellowork
4739,hellowork
4740,hellowork
4741,campaign_share
4742,campaign_share
4743,hellowork
4744,hellowork
4745,hellowork
4746,hellowork
4747,hellowork
4748,hellowork
4749,hellowork
4750,hellowork
4751,hellowork
4752,hellowork
4753,hellowork
4754,hellowork
4755,hellowork
4756,hellowork
4757,hellowork
4758,campaign_share
4759,hellowork
4760,campaign_share
4761,hellowork
4762,hellowork
4763,hellowork
4764,hellowork
4765,hellowork
4766,hellowork
4767,hellowork
4768,hellowork
4769,hellowork
4770,hellowork
4771,hellowork
4772,hellowork
4773,hellowork
4774,hellowork
4775,hellowork
4776,hellowork
4777,hellowork
4778,campaign_share
4779,hellowork
4780,campaign_share
4781,hellowork
4782,campaign_share
4783,hellowork
4784,hellowork
4785,hellowork
4786,hellowork
4787,hellowork
4788,hellowork
4789,hellowork
4790,hellowork
4791,campaign_share
4792,campaign_share
4793,hellowork
4794,hellowork
4795,hellowork
4796,hellowork
4797,hellowork
4798,hellowork
4799,hellowork
4800,hellowork
4801,hellowork
4802,hellowork
4803,hellowork
4804,hellowork
4805,hellowork
4806,hellowork
4807,hellowork
4808,campaign_share
4809,hellowork
4810,hellowork
4811,hellowork
4812,campaign_share
4813,hellowork
4814,hellowork
4815,hellowork
4816,hellowork
4817,hellowork
4818,campaign_share
4819,career_site
4820,campaign_share
4822,career_site
4823,hellowork
4824,hellowork
4825,hellowork
4826,hellowork
4827,hellowork
4828,hellowork
4829,hellowork
4831,hellowork
4832,campaign_share
4833,hellowork
4834,hellowork
4835,cabine cibli job
4836,hellowork
4837,cabine cibli job
4838,hellowork
4839,hellowork
4840,hellowork
4841,hellowork
4842,hellowork
4843,hellowork
4844,hellowork
4845,hellowork
4846,hellowork
4847,hellowork
4848,hellowork
4849,hellowork
4850,hellowork
4851,hellowork
4852,hellowork
4853,campaign_share
4854,hellowork
4855,hellowork
4856,hellowork
4857,hellowork
4858,hellowork
4859,hellowork
4860,hellowork
4861,hellowork
4862,hellowork
4863,hellowork
4864,hellowork
4866,cabine cibli job
4867,cabine cibli job
4868,cabine cibli job
4869,cabine cibli job
4870,hellowork
4871,cabine cibli job
4872,hellowork
4873,hellowork
4874,hellowork
4875,hellowork
4876,hellowork
4877,hellowork
4878,hellowork
4879,hellowork
4880,hellowork
4881,cabine cibli job
4882,cabine cibli job
4883,hellowork
4884,hellowork
4885,hellowork
4886,campaign_share
4887,campaign_share
4888,hellowork
4889,hellowork
4890,hellowork
4891,hellowork
4892,hellowork
4893,hellowork
4894,hellowork
4895,hellowork
4896,hellowork
4897,hellowork
4898,cabine cibli job
4899,cabine cibli job
4900,cabine cibli job
4901,hellowork
4902,career_site
4903,cabine cibli job
4904,cabine cibli job
4905,cabine cibli job
4906,cabine cibli job
4907,hellowork
4908,cabine cibli job
4909,cabine cibli job
4910,jobijoba
4911,hellowork
4912,hellowork
4913,hellowork
4914,hellowork
4915,hellowork
4916,hellowork
4917,hellowork
4918,hellowork
4919,hellowork
4920,hellowork
4921,hellowork
4922,jobijoba
4923,cabine cibli job
4924,career_site
4925,hellowork
4926,hellowork
4927,hellowork
4928,hellowork
4929,campaign_share
4930,hellowork
4931,hellowork
4932,hellowork
4933,hellowork
4934,hellowork
4935,hellowork
4936,cabine cibli job
4937,hellowork
4938,hellowork
4939,hellowork
4940,cabine cibli job
4941,cabine cibli job
4942,hellowork
4943,hellowork
4944,hellowork
4945,hellowork
4946,cabine cibli job
4947,cabine cibli job
4948,cabine cibli job
4949,cabine cibli job
4950,hellowork
4951,hellowork
4952,hellowork
4953,cabine cibli job
4954,hellowork
4955,hellowork
4956,career_site
4957,campaign_share
4958,career_site
4959,hellowork
4960,hellowork
4961,hellowork
4962,hellowork
4963,campaign_share
4964,hellowork
4965,hellowork
4966,campaign_share
4967,hellowork
4968,campaign_share
4969,hellowork
4970,campaign_share
4971,campaign_share
4972,hellowork
4973,hellowork
4974,hellowork
4975,cabine cibli job
4976,cabine cibli job
4977,cabine cibli job
4978,cabine cibli job
4979,cabine cibli job
4980,hellowork
4981,career_site
4982,career_site
4983,hellowork
4984,hellowork
4985,hellowork
4986,hellowork
4987,hellowork
4988,hellowork
4989,hellowork
4990,hellowork
4991,hellowork
4992,hellowork
4993,campaign_share
4994,hellowork
4995,hellowork
4996,hellowork
4997,hellowork
4998,hellowork
4999,hellowork
5000,cabine cibli job
5001,cabine cibli job
5002,hellowork
5003,hellowork
5004,campaign_share
5005,hellowork
5006,cabine cibli job
5007,cabine cibli job
5008,cabine cibli job
5009,cabine cibli job
5010,cabine cibli job
5011,cabine cibli job
5012,cabine cibli job
5013,cabine cibli job
5014,cabine cibli job
5015,cabine cibli job
5016,cabine cibli job
5017,cabine cibli job
5018,cabine cibli job
5019,cabine cibli job
5020,cabine cibli job
5021,cabine cibli job
5022,cabine cibli job
5023,cabine cibli job
5024,cabine cibli job
5025,cabine cibli job
5026,cabine cibli job
5027,cabine cibli job
5028,cabine cibli job
5029,cabine cibli job
5030,cabine cibli job
5031,cabine cibli job
5032,cabine cibli job
5033,cabine cibli job
5034,cabine cibli job
5035,cabine cibli job
5036,cabine cibli job
5037,cabine cibli job
5038,cabine cibli job
5039,cabine cibli job
5040,cabine cibli job
5041,cabine cibli job
5042,cabine cibli job
5043,cabine cibli job
5044,cabine cibli job
5045,cabine cibli job
5046,cabine cibli job
5047,cabine cibli job
5048,cabine cibli job
5049,cabine cibli job
5050,cabine cibli job
5051,cabine cibli job
5052,cabine cibli job
5053,cabine cibli job
5054,hellowork
5055,cabine cibli job
5056,cabine cibli job
5057,cabine cibli job
5058,cabine cibli job
5059,cabine cibli job
5060,cabine cibli job
5061,cabine cibli job
5062,cabine cibli job
5063,cabine cibli job
5064,cabine cibli job
5065,cabine cibli job
5066,cabine cibli job
5067,cabine cibli job
5068,cabine cibli job
5069,cabine cibli job
5070,cabine cibli job
5071,cabine cibli job
5072,cabine cibli job
5073,cabine cibli job
5074,cabine cibli job
5075,cabine cibli job
5076,cabine cibli job
5077,cabine cibli job
5078,cabine cibli job
5079,cabine cibli job
5080,cabine cibli job
5081,cabine cibli job
5082,cabine cibli job
5083,cabine cibli job
5084,cabine cibli job
5085,cabine cibli job
5086,cabine cibli job
5087,cabine cibli job
5088,cabine cibli job
5089,cabine cibli job
5090,cabine cibli job
5091,cabine cibli job
5092,cabine cibli job
5093,cabine cibli job
5094,cabine cibli job
5095,cabine cibli job
5096,cabine cibli job
5097,cabine cibli job
5098,cabine cibli job
5099,cabine cibli job
5100,cabine cibli job
5101,cabine cibli job
5102,cabine cibli job
5104,cabine cibli job
5105,cabine cibli job
5106,cabine cibli job
5107,cabine cibli job
5108,cabine cibli job
5109,cabine cibli job
5110,cabine cibli job
5111,cabine cibli job
5112,cabine cibli job
5113,cabine cibli job
5114,cabine cibli job
5115,cabine cibli job
5116,cabine cibli job
5117,cabine cibli job
5118,cabine cibli job
5119,cabine cibli job
5120,cabine cibli job
5121,cabine cibli job
5122,cabine cibli job
5123,cabine cibli job
5124,cabine cibli job
5125,cabine cibli job
5126,cabine cibli job
5127,cabine cibli job
5128,cabine cibli job
5129,cabine cibli job
5130,cabine cibli job
5131,cabine cibli job
5132,cabine cibli job
5133,cabine cibli job
5134,cabine cibli job
5135,cabine cibli job
5136,cabine cibli job
5137,cabine cibli job
5138,hellowork
5139,career_site
5140,hellowork
5141,hellowork
5142,cabine cibli job
5143,cabine cibli job
5144,cabine cibli job
5145,cabine cibli job
5146,cabine cibli job
5147,cabine cibli job
5148,cabine cibli job
5149,cabine cibli job
5150,cabine cibli job
5151,cabine cibli job
5152,cabine cibli job
5153,cabine cibli job
5154,cabine cibli job
5155,cabine cibli job
5156,cabine cibli job
5157,cabine cibli job
5158,cabine cibli job
5159,cabine cibli job
5160,cabine cibli job
5161,cabine cibli job
5162,cabine cibli job
5163,cabine cibli job
5164,cabine cibli job
5165,cabine cibli job
5166,hellowork
5167,hellowork
5168,hellowork
5169,campaign_share
5170,cabine cibli job
5171,cabine cibli job
5172,cabine cibli job
5173,cabine cibli job
5174,cabine cibli job
5175,cabine cibli job
5176,cabine cibli job
5177,cabine cibli job
5178,hellowork
5179,cabine cibli job
5180,hellowork
5181,hellowork
5182,hellowork
5183,cabine cibli job
5184,cabine cibli job
5185,hellowork
5186,hellowork
5187,hellowork
5188,career_site
5189,hellowork
5190,hellowork
5191,hellowork
5192,hellowork
5193,hellowork
5194,hellowork
5195,hellowork
5196,career_site
5197,hellowork
5198,hellowork
5199,hellowork
5200,hellowork
5201,hellowork
5202,hellowork
5203,hellowork
5204,jobijoba
5205,campaign_share
5206,cabine cibli job
5207,cabine cibli job
5208,hellowork
5209,hellowork
5210,hellowork
5211,hellowork
5212,hellowork
5213,hellowork
5214,cabine cibli job
5215,cabine cibli job
5216,cabine cibli job
5217,cabine cibli job
5218,cabine cibli job
5219,cabine cibli job
5220,cabine cibli job
5221,cabine cibli job
5222,cabine cibli job
5223,hellowork
5224,hellowork
5225,cabine cibli job
5226,cabine cibli job
5227,cabine cibli job
5228,cabine cibli job
5229,cabine cibli job
5230,cabine cibli job
5231,cabine cibli job
5232,cabine cibli job
5233,cabine cibli job
5234,hellowork
5235,campaign_share
5236,jobijoba
5237,hellowork
5238,hellowork
5239,hellowork
5240,hellowork
5241,hellowork
5242,hellowork
5243,hellowork
5244,hellowork
5245,cabine cibli job
5246,hellowork
5247,cabine cibli job
5248,cabine cibli job
5249,cabine cibli job
5250,hellowork
5251,jobijoba
5252,hellowork
5253,hellowork
5254,hellowork
5255,hellowork
5256,cabine cibli job
5257,cabine cibli job
5258,cabine cibli job
5259,hellowork
5260,hellowork
5261,hellowork
5262,hellowork
5263,hellowork
5264,recruiter_manual
5265,campaign_share
5266,campaign_share
5267,campaign_share
5268,hellowork
5269,hellowork
5270,hellowork
5271,hellowork
5272,cabine cibli job
5273,cabine cibli job
5274,cabine cibli job
5275,cabine cibli job
5276,cabine cibli job
5277,cabine cibli job
5278,cabine cibli job
5279,cabine cibli job
5280,cabine cibli job
5281,cabine cibli job
5282,hellowork
5283,hellowork
5284,hellowork
5285,hellowork
5286,hellowork
5287,cabine cibli job
5288,cabine cibli job
5289,cabine cibli job
5290,cabine cibli job
5291,cabine cibli job
5292,cabine cibli job
5293,cabine cibli job
5294,cabine cibli job
5295,cabine cibli job
5296,cabine cibli job
5297,hellowork
5298,hellowork
5299,hellowork
5300,hellowork
5301,hellowork
5302,hellowork
5303,hellowork
5304,hellowork
5305,hellowork
5306,hellowork
5307,hellowork
5308,hellowork
5309,campaign_share
5310,hellowork
5311,hellowork
5312,hellowork
5313,hellowork
5314,hellowork
5315,hellowork
5316,jobijoba
5317,hellowork
5318,hellowork
5319,hellowork
5320,hellowork
5321,hellowork
5322,hellowork
5323,hellowork
5324,hellowork
5325,hellowork
5326,hellowork
5327,hellowork
5328,cabine cibli job
5329,cabine cibli job
5330,cabine cibli job
5331,cabine cibli job
5332,hellowork
5333,hellowork
5334,cabine cibli job
5335,campaign_share
5336,hellowork
5337,campaign_share
5338,cabine cibli job
5339,cabine cibli job
5340,cabine cibli job
5341,cabine cibli job
5342,cabine cibli job
5343,hellowork
5344,career_site
5345,hellowork
5346,hellowork
5347,hellowork
5348,hellowork
5349,hellowork
5350,campaign_share
5351,hellowork
5352,hellowork
5353,hellowork
5354,hellowork
5355,hellowork
5356,hellowork
5357,hellowork
5358,hellowork
5359,hellowork
5360,cabine cibli job
5361,cabine cibli job
5362,cabine cibli job
5363,cabine cibli job
5364,cabine cibli job
5365,cabine cibli job
5366,cabine cibli job
5367,cabine cibli job
5368,hellowork
5369,cabine cibli job
5370,hellowork
5371,hellowork
5372,hellowork
5373,hellowork
5374,hellowork
5375,hellowork
5376,career_site
5377,hellowork
5378,hellowork
5379,cabine cibli job
5380,cabine cibli job
5381,cabine cibli job
5382,cabine cibli job
5383,cabine cibli job
5384,cabine cibli job
5385,hellowork
5386,hellowork
5387,hellowork
5388,hellowork
5389,hellowork
5390,hellowork
5391,hellowork
5392,hellowork
5393,campaign_share
5394,hellowork
5395,hellowork
5396,hellowork
5397,hellowork
5398,hellowork
5399,hellowork
5400,hellowork
5401,hellowork
5402,hellowork
5403,hellowork
5404,jobijoba
5405,hellowork
5406,hellowork
5407,hellowork
5408,hellowork
5409,hellowork
5410,hellowork
5411,hellowork
5412,campaign_share
5413,hellowork
5414,hellowork
5415,hellowork
5416,hellowork
5417,hellowork
5418,hellowork
5419,hellowork
5420,hellowork
5421,hellowork
5422,career_site
5423,hellowork
5424,career_site
5425,career_site
5426,career_site
5427,career_site
5428,career_site
5429,career_site
5430,hellowork
5431,hellowork
5432,hellowork
5433,hellowork
5434,hellowork
5435,hellowork
5436,jobijoba
5437,hellowork
5438,hellowork
5439,jobijoba
5440,hellowork
5441,hellowork
5442,hellowork
5443,hellowork
5444,hellowork
5445,hellowork
5446,hellowork
5447,hellowork
5448,hellowork
5449,hellowork
5450,hellowork
5451,career_site
5452,hellowork
5453,career_site
5454,campaign_share
5455,campaign_share
5456,campaign_share
5457,cabine cibli job
5458,cabine cibli job
5459,cabine cibli job
5460,cabine cibli job
5461,hellowork
5462,hellowork
5463,hellowork
5464,hellowork
5465,hellowork
5466,hellowork
5467,hellowork
5468,hellowork
5469,hellowork
5470,campaign_share
5471,hellowork
5472,hellowork
5473,hellowork
5474,campaign_share
5475,hellowork
5476,hellowork
5477,campaign_share
5478,campaign_share
5479,campaign_share
5480,campaign_share
5481,campaign_share
5482,campaign_share
5483,campaign_share
5484,hellowork
5485,hellowork
5486,hellowork
5487,hellowork
5488,hellowork
5489,hellowork
5490,hellowork
5491,campaign_share
5492,campaign_share
5493,campaign_share
5494,hellowork
5495,hellowork
5496,hellowork
5497,campaign_share
5498,hellowork
5499,hellowork
5500,career_site
5501,hellowork
5502,hellowork
5503,hellowork
5504,hellowork
5505,hellowork
5506,hellowork
5507,hellowork
5508,hellowork
5509,hellowork
5510,hellowork
5511,hellowork
5512,hellowork
5513,hellowork
5514,hellowork
5515,hellowork
5516,hellowork
5517,hellowork
5518,hellowork
5519,cabine cibli job
5520,cabine cibli job
5521,cabine cibli job
5522,cabine cibli job
5523,cabine cibli job
5524,cabine cibli job
5525,campaign_share
5526,hellowork
5527,hellowork
5528,hellowork
5529,hellowork
5530,hellowork
5531,cabine cibli job
5533,hellowork
5534,hellowork
5535,hellowork
5536,cabine cibli job
5537,cabine cibli job
5538,cabine cibli job
5539,cabine cibli job
5540,hellowork
5541,jobijoba
5542,cabine cibli job
5543,cabine cibli job
5544,cabine cibli job
5545,cabine cibli job
5546,cabine cibli job
5547,cabine cibli job
5548,cabine cibli job
5549,cabine cibli job
5550,cabine cibli job
5551,cabine cibli job
5552,cabine cibli job
5553,cabine cibli job
5554,cabine cibli job
5555,cabine cibli job
5556,cabine cibli job
5557,cabine cibli job
5558,cabine cibli job
5559,cabine cibli job
5560,cabine cibli job
5561,cabine cibli job
5562,cabine cibli job
5563,cabine cibli job
5564,hellowork
5565,hellowork
5566,hellowork
5567,hellowork
5568,hellowork
5569,hellowork
5570,cabine cibli job
5571,cabine cibli job
5572,cabine cibli job
5573,cabine cibli job
5574,cabine cibli job
5575,cabine cibli job
5576,cabine cibli job
5577,cabine cibli job
5578,cabine cibli job
5579,cabine cibli job
5580,cabine cibli job
5581,cabine cibli job
5582,cabine cibli job
5583,cabine cibli job
5584,cabine cibli job
5585,cabine cibli job
5586,cabine cibli job
5587,cabine cibli job
5588,cabine cibli job
5589,cabine cibli job
5590,cabine cibli job
5591,hellowork
5592,hellowork
5593,hellowork
5594,hellowork
5595,hellowork
5596,hellowork
5597,hellowork
5598,hellowork
5599,hellowork
5600,hellowork
5601,hellowork
5602,hellowork
5603,hellowork
5604,hellowork
5605,hellowork
5606,hellowork
5607,hellowork
5608,hellowork
5609,cabine cibli job
5610,hellowork
5611,hellowork
5612,hellowork
5613,hellowork
5614,cabine cibli job
5615,cabine cibli job
5616,cabine cibli job
5617,cabine cibli job
5618,cabine cibli job
5619,cabine cibli job
5620,cabine cibli job
5621,hellowork
5622,hellowork
5623,cabine cibli job
5624,cabine cibli job
5625,cabine cibli job
5626,cabine cibli job
5627,cabine cibli job
5628,hellowork
5629,hellowork
5630,hellowork
5631,hellowork
5632,hellowork
5633,jobijoba
5634,hellowork
5635,hellowork
5636,campaign_share
5637,hellowork
5638,hellowork
5639,hellowork
5640,campaign_share
5641,campaign_share
5642,cabine cibli job
5643,cabine cibli job
5644,cabine cibli job
5645,cabine cibli job
5646,cabine cibli job
5647,cabine cibli job
5648,cabine cibli job
5649,hellowork
5650,hellowork
5651,hellowork
5652,hellowork
5653,campaign_share
5654,hellowork
5655,hellowork
5656,campaign_share
5657,hellowork
5658,campaign_share
5659,hellowork
5660,hellowork
5661,hellowork
5662,hellowork
5663,hellowork
5664,hellowork
5665,campaign_share
5666,campaign_share
5667,campaign_share
5668,campaign_share
5669,hellowork
5670,hellowork
5671,hellowork
5672,hellowork
5673,hellowork
5674,hellowork
5675,hellowork
5676,hellowork
5677,hellowork
5678,hellowork
5679,hellowork
5680,hellowork
5681,hellowork
5682,campaign_share
5683,hellowork
5684,hellowork
5685,cabine cibli job
5686,hellowork
5687,cabine cibli job
5688,campaign_share
5689,hellowork
5690,hellowork
5691,hellowork
5692,hellowork
5693,hellowork
5694,hellowork
5695,hellowork
5696,hellowork
5697,hellowork
5698,campaign_share
5699,campaign_share
5700,hellowork
5701,hellowork
5702,campaign_share
5703,hellowork
5704,hellowork
5705,hellowork
5706,campaign_share
5707,hellowork
5708,career_site
5709,hellowork
5710,hellowork
5711,hellowork
5712,hellowork
5713,hellowork
5714,hellowork
5715,hellowork
5716,hellowork
5717,cabine cibli job
5718,cabine cibli job
5719,cabine cibli job
5720,cabine cibli job
5721,hellowork
5722,hellowork
5723,hellowork
5724,hellowork
5725,cabine cibli job
5726,cabine cibli job
5727,hellowork
5728,hellowork
5729,hellowork
5730,hellowork
5731,hellowork
5732,hellowork
5733,hellowork
5734,hellowork
5735,campaign_share
5736,hellowork
5737,hellowork
5738,hellowork
5739,hellowork
5740,campaign_share
5741,hellowork
5742,hellowork
5743,campaign_share
5744,hellowork
5745,hellowork
5746,hellowork
5747,hellowork
5748,hellowork
5749,hellowork
5750,hellowork
5751,hellowork
5752,hellowork
5753,hellowork
5754,hellowork
5755,hellowork
5756,hellowork
5757,hellowork
5758,hellowork
5759,cabine cibli job
5760,hellowork
5761,hellowork
5762,hellowork
5763,hellowork
5764,hellowork
5765,hellowork
5766,hellowork
5767,campaign_share
5768,hellowork
5769,campaign_share
5770,hellowork
5771,hellowork
5772,hellowork
5773,hellowork
5774,hellowork
5775,hellowork
5776,hellowork
5777,hellowork
5778,hellowork
5779,hellowork
5780,hellowork
5781,hellowork
5782,hellowork
5783,hellowork
5784,hellowork
5785,hellowork
5786,hellowork
5787,hellowork
5788,hellowork
5789,hellowork
5790,hellowork
5791,hellowork
5792,hellowork
5793,hellowork
5794,hellowork
5795,hellowork
5796,hellowork
5797,hellowork
5798,campaign_share
5799,hellowork
5800,hellowork
5801,hellowork
5802,hellowork
5803,hellowork
5804,hellowork
5805,hellowork
5806,hellowork
5807,hellowork
5808,hellowork
5809,hellowork
5810,hellowork
5811,hellowork
5812,hellowork
5813,hellowork
5814,hellowork
5815,hellowork
5816,hellowork
5817,hellowork
5818,hellowork
5819,hellowork
5820,hellowork
5821,hellowork
5822,hellowork
5823,hellowork
5824,hellowork
5825,campaign_share
5826,hellowork
5827,hellowork
5828,campaign_share
5829,hellowork
5830,hellowork
5831,hellowork
5832,hellowork
5833,hellowork
5834,hellowork
5835,hellowork
5836,hellowork
5837,hellowork
5838,hellowork
5839,hellowork
5840,hellowork
5841,hellowork
5842,hellowork
5843,hellowork
5844,hellowork
5845,hellowork
5846,hellowork
5847,hellowork
5848,hellowork
5849,hellowork
5850,cabine cibli job
5851,cabine cibli job
5852,cabine cibli job
5853,cabine cibli job
5854,cabine cibli job
5855,hellowork
5856,hellowork
5857,hellowork
5858,hellowork
5859,cabine cibli job
5860,cabine cibli job
5861,cabine cibli job
5862,cabine cibli job
5863,cabine cibli job
5864,cabine cibli job
5865,cabine cibli job
5866,cabine cibli job
5867,hellowork
5868,hellowork
5869,hellowork
5870,hellowork
5871,hellowork
5872,hellowork
5873,hellowork
5874,hellowork
5875,hellowork
5876,hellowork
5877,hellowork
5878,hellowork
5879,hellowork
5880,hellowork
5881,campaign_share
5882,hellowork
5883,hellowork
5884,hellowork
5885,hellowork
5886,hellowork
5887,hellowork
5888,hellowork
5889,hellowork
5890,hellowork
5891,hellowork
5892,hellowork
5893,hellowork
5894,hellowork
5895,hellowork
5896,hellowork
5897,hellowork
5898,hellowork
5899,hellowork
5900,cabine cibli job
5901,hellowork
5902,cabine cibli job
5903,cabine cibli job
5904,cabine cibli job
5905,cabine cibli job
5906,cabine cibli job
5907,cabine cibli job
5908,cabine cibli job
5909,hellowork
5910,hellowork
5911,hellowork
5912,hellowork
5913,hellowork
5914,hellowork
5915,campaign_share
5916,hellowork
5917,hellowork
5918,hellowork
5919,hellowork
5920,hellowork
5921,hellowork
5922,hellowork
5923,hellowork
5924,hellowork
5925,hellowork
5926,hellowork
5927,hellowork
5928,campaign_share
5929,hellowork
5930,hellowork
5931,hellowork
5932,hellowork
5933,hellowork
5934,hellowork
5935,hellowork
5936,hellowork
5937,campaign_share
5938,hellowork
5939,hellowork
5940,hellowork
5941,recruiter_cvtheque
5942,cabine cibli job
5943,cabine cibli job
5944,hellowork
5945,hellowork
5946,cabine cibli job
5947,cabine cibli job
5948,cabine cibli job
5949,cabine cibli job
5950,cabine cibli job
5951,cabine cibli job
5952,cabine cibli job
5953,cabine cibli job
5954,hellowork
5955,cabine cibli job
5956,career_site
5957,hellowork
5958,hellowork
5959,hellowork
5960,cabine cibli job
5961,cabine cibli job
5962,cabine cibli job
5963,cabine cibli job
5964,cabine cibli job
5965,cabine cibli job
5966,cabine cibli job
5967,hellowork
5968,cabine cibli job
5969,hellowork
5970,hellowork
5971,hellowork
5972,cabine cibli job
5973,hellowork
5974,hellowork
5975,hellowork
5976,campaign_share
5977,hellowork
5978,hellowork
5979,hellowork
5980,hellowork
5981,hellowork
5982,campaign_share
5983,campaign_share
5984,campaign_share
5985,hellowork
5986,hellowork
5987,hellowork
5988,hellowork
5989,cabine cibli job
5990,hellowork
5991,hellowork
5992,hellowork
5993,cabine cibli job
5994,campaign_share
5995,hellowork
5996,hellowork
5997,hellowork
5998,hellowork
5999,cabine cibli job
6000,cabine cibli job
6001,cabine cibli job
6002,cabine cibli job
6003,hellowork
6004,cabine cibli job
6005,cabine cibli job
6006,cabine cibli job
6007,cabine cibli job
6008,cabine cibli job
6009,cabine cibli job
6010,cabine cibli job
6011,hellowork
6012,hellowork
6013,hellowork
6014,hellowork
6015,hellowork
6016,hellowork
6017,hellowork
6018,hellowork
6019,hellowork
6020,hellowork
6021,hellowork
6022,hellowork
6023,hellowork
6024,hellowork
6025,cabine cibli job
6026,career_site
6027,hellowork
6028,hellowork
6029,hellowork
6030,hellowork
6031,hellowork
6032,hellowork
6033,hellowork
6034,hellowork
6035,hellowork
6036,hellowork
6037,hellowork
6038,hellowork
6039,hellowork
6040,cabine cibli job
6041,cabine cibli job
6042,cabine cibli job
6043,cabine cibli job
6044,cabine cibli job
6045,cabine cibli job
6046,career_site
6047,hellowork
6048,hellowork
6049,hellowork
6050,hellowork
6051,hellowork
6052,hellowork
6053,campaign_share
6054,hellowork
6055,hellowork
6056,hellowork
6057,hellowork
6058,cabine cibli job
6059,cabine cibli job
6060,cabine cibli job
6061,hellowork
6062,hellowork
6063,hellowork
6064,hellowork
6065,hellowork
6066,hellowork
6067,hellowork
6068,hellowork
6069,hellowork
6070,hellowork
6071,hellowork
6072,campaign_share
6073,hellowork
6074,campaign_share
6075,hellowork
6076,hellowork
6077,hellowork
6078,hellowork
6079,campaign_share
6080,hellowork
6081,hellowork
6082,hellowork
6083,cabine cibli job
6084,cabine cibli job
6085,hellowork
6086,hellowork
6087,hellowork
6088,hellowork
6089,hellowork
6090,hellowork
6091,hellowork
6092,hellowork
6093,hellowork
6094,hellowork
6095,campaign_share
6096,hellowork
6097,hellowork
6098,hellowork
6099,hellowork
6100,hellowork
6101,hellowork
6102,hellowork
6103,hellowork
6104,hellowork
6105,hellowork
6106,hellowork
6107,cabine cibli job
6108,cabine cibli job
6109,cabine cibli job
6110,hellowork
6111,cabine cibli job
6112,hellowork
6113,hellowork
6114,hellowork
6115,hellowork
6116,cabine cibli job
6117,hellowork
6118,hellowork
6119,cabine cibli job
6120,cabine cibli job
6121,cabine cibli job
6122,cabine cibli job
6123,cabine cibli job
6124,cabine cibli job
6125,cabine cibli job
6126,cabine cibli job
6127,cabine cibli job
6128,hellowork
6129,hellowork
6130,hellowork
6131,hellowork
